date,waterpoint_name,district,latitude,longitude,source,water_level,temperature,conductivity
31/12/2024,Balaka Water Office,Balaka,-14.9923017,34.95948,Logger,3.1,27.415,896.8
31/12/2024,Balaka Water Office,Balaka,-14.9923017,34.95948,Logger,2.7012,27.415,895.8
1/1/2025,Balaka Water Office,Balaka,-14.9923017,34.95948,Logger,3.3367,27.416,895.7
1/1/2025,Balaka Water Office,Balaka,-14.9923017,34.95948,Logger,2.7276,27.412,896.7
2/1/2025,Balaka Water Office,Balaka,-14.9923017,34.95948,Logger,3.0407,27.414,896.8
2/1/2025,Balaka Water Office,Balaka,-14.9923017,34.95948,Logger,2.8033,27.415,896.6
3/1/2025,Balaka Water Office,Balaka,-14.9923017,34.95948,Logger,3.066,27.416,896.9
3/1/2025,Balaka Water Office,Balaka,-14.9923017,34.95948,Logger,2.8676,27.413,895.9
4/1/2025,Balaka Water Office,Balaka,-14.9923017,34.95948,Logger,3.0709,27.413,896.3
4/1/2025,Balaka Water Office,Balaka,-14.9923017,34.95948,Logger,2.8288,27.412,895.4
5/1/2025,Balaka Water Office,Balaka,-14.9923017,34.95948,Logger,3.1118,27.412,894.5
5/1/2025,Balaka Water Office,Balaka,-14.9923017,34.95948,Logger,3.045,27.414,895.2
6/1/2025,Balaka Water Office,Balaka,-14.9923017,34.95948,Logger,3.2906,27.414,895.3
6/1/2025,Balaka Water Office,Balaka,-14.9923017,34.95948,Logger,2.9519,27.412,895.2
7/1/2025,Balaka Water Office,Balaka,-14.9923017,34.95948,Logger,3.0586,27.413,895.6
7/1/2025,Balaka Water Office,Balaka,-14.9923017,34.95948,Logger,2.891,27.411,893.9
8/1/2025,Balaka Water Office,Balaka,-14.9923017,34.95948,Logger,3.0417,27.414,894.7
8/1/2025,Balaka Water Office,Balaka,-14.9923017,34.95948,Logger,2.8462,27.411,894.8
9/1/2025,Balaka Water Office,Balaka,-14.9923017,34.95948,Logger,3.1085,27.409,894.5
9/1/2025,Balaka Water Office,Balaka,-14.9923017,34.95948,Logger,2.8765,27.412,894.1
10/1/2025,Balaka Water Office,Balaka,-14.9923017,34.95948,Logger,3.1013,27.412,893.5
10/1/2025,Balaka Water Office,Balaka,-14.9923017,34.95948,Logger,2.9268,27.41,893.4
11/1/2025,Balaka Water Office,Balaka,-14.9923017,34.95948,Logger,3.2593,27.411,894.2
11/1/2025,Balaka Water Office,Balaka,-14.9923017,34.95948,Logger,2.9401,27.41,894.7
12/1/2025,Balaka Water Office,Balaka,-14.9923017,34.95948,Logger,3.2045,27.412,894.2
12/1/2025,Balaka Water Office,Balaka,-14.9923017,34.95948,Logger,3.0503,27.413,894.3
13/01/2025,Balaka Water Office,Balaka,-14.9923017,34.95948,Logger,3.1774,27.41,894.6
13/01/2025,Balaka Water Office,Balaka,-14.9923017,34.95948,Logger,3.1081,27.41,894.5
14/01/2025,Balaka Water Office,Balaka,-14.9923017,34.95948,Logger,3.2015,27.411,894
14/01/2025,Balaka Water Office,Balaka,-14.9923017,34.95948,Logger,3.0338,27.41,893.6
15/01/2025,Balaka Water Office,Balaka,-14.9923017,34.95948,Logger,3.2922,27.411,894
15/01/2025,Balaka Water Office,Balaka,-14.9923017,34.95948,Logger,2.9863,27.409,893.8
16/01/2025,Balaka Water Office,Balaka,-14.9923017,34.95948,Logger,3.5232,27.411,893.3
16/01/2025,Balaka Water Office,Balaka,-14.9923017,34.95948,Logger,3.0327,27.411,894.2
17/01/2025,Balaka Water Office,Balaka,-14.9923017,34.95948,Logger,3.3392,27.41,894.4
17/01/2025,Balaka Water Office,Balaka,-14.9923017,34.95948,Logger,3.0866,27.41,894
18/01/2025,Balaka Water Office,Balaka,-14.9923017,34.95948,Logger,3.253,27.41,894.5
18/01/2025,Balaka Water Office,Balaka,-14.9923017,34.95948,Logger,3.0518,27.411,893.4
19/01/2025,Balaka Water Office,Balaka,-14.9923017,34.95948,Logger,3.2005,27.409,894.1
19/01/2025,Balaka Water Office,Balaka,-14.9923017,34.95948,Logger,3.0371,27.408,892.4
20/01/2025,Balaka Water Office,Balaka,-14.9923017,34.95948,Logger,3.227,27.409,893.5
20/01/2025,Balaka Water Office,Balaka,-14.9923017,34.95948,Logger,2.9916,27.409,893.5
21/01/2025,Balaka Water Office,Balaka,-14.9923017,34.95948,Logger,3.3934,27.411,892.3
21/01/2025,Balaka Water Office,Balaka,-14.9923017,34.95948,Logger,3.1307,27.408,892.4
22/01/2025,Balaka Water Office,Balaka,-14.9923017,34.95948,Logger,3.351,27.409,892.2
22/01/2025,Balaka Water Office,Balaka,-14.9923017,34.95948,Logger,3.2818,27.407,893.1
23/01/2025,Balaka Water Office,Balaka,-14.9923017,34.95948,Logger,3.2022,27.408,891.8
23/01/2025,Balaka Water Office,Balaka,-14.9923017,34.95948,Logger,3.1009,27.407,892.4
24/01/2025,Balaka Water Office,Balaka,-14.9923017,34.95948,Logger,3.083,27.407,893.2
24/01/2025,Balaka Water Office,Balaka,-14.9923017,34.95948,Logger,2.8614,27.406,892.8
25/01/2025,Balaka Water Office,Balaka,-14.9923017,34.95948,Logger,2.8289,27.408,892.7
25/01/2025,Balaka Water Office,Balaka,-14.9923017,34.95948,Logger,2.7295,27.406,892.3
26/01/2025,Balaka Water Office,Balaka,-14.9923017,34.95948,Logger,3.2491,27.408,892.7
26/01/2025,Balaka Water Office,Balaka,-14.9923017,34.95948,Logger,2.6899,27.408,891.2
27/01/2025,Balaka Water Office,Balaka,-14.9923017,34.95948,Logger,2.9127,27.409,891.7
27/01/2025,Balaka Water Office,Balaka,-14.9923017,34.95948,Logger,2.5899,27.408,892.4
28/01/2025,Balaka Water Office,Balaka,-14.9923017,34.95948,Logger,2.7516,27.411,890.8
28/01/2025,Balaka Water Office,Balaka,-14.9923017,34.95948,Logger,2.3611,27.411,892
29/01/2025,Balaka Water Office,Balaka,-14.9923017,34.95948,Logger,2.5005,27.412,891.2
29/01/2025,Balaka Water Office,Balaka,-14.9923017,34.95948,Logger,2.272,27.411,891.9
30/01/2025,Balaka Water Office,Balaka,-14.9923017,34.95948,Logger,2.7935,27.414,892.1
30/01/2025,Balaka Water Office,Balaka,-14.9923017,34.95948,Logger,2.3715,27.412,891.6
31/01/2025,Balaka Water Office,Balaka,-14.9923017,34.95948,Logger,2.4985,27.413,891.9
31/01/2025,Balaka Water Office,Balaka,-14.9923017,34.95948,Logger,2.329,27.411,890.8
1/2/2025,Balaka Water Office,Balaka,-14.9923017,34.95948,Logger,2.4351,27.412,890.5
1/2/2025,Balaka Water Office,Balaka,-14.9923017,34.95948,Logger,2.1164,27.41,891.8
2/2/2025,Balaka Water Office,Balaka,-14.9923017,34.95948,Logger,2.3215,27.411,889.6
2/2/2025,Balaka Water Office,Balaka,-14.9923017,34.95948,Logger,2.081,27.412,891.8
3/2/2025,Balaka Water Office,Balaka,-14.9923017,34.95948,Logger,2.2482,27.412,890.7
3/2/2025,Balaka Water Office,Balaka,-14.9923017,34.95948,Logger,2.2679,27.413,889.6
4/2/2025,Balaka Water Office,Balaka,-14.9923017,34.95948,Logger,2.2149,27.412,889.4
4/2/2025,Balaka Water Office,Balaka,-14.9923017,34.95948,Logger,2.0514,27.411,891.3
5/2/2025,Balaka Water Office,Balaka,-14.9923017,34.95948,Logger,2.1889,27.412,892
5/2/2025,Balaka Water Office,Balaka,-14.9923017,34.95948,Logger,2.0457,27.413,891.8
6/2/2025,Balaka Water Office,Balaka,-14.9923017,34.95948,Logger,2.2449,27.412,890.7
6/2/2025,Balaka Water Office,Balaka,-14.9923017,34.95948,Logger,2.1851,27.411,890.1
31/12/2024,Chidoole Primary School,Chikwawa,-15.5008809,34.5033563,Logger,16.181,24.243,225
31/12/2024,Chidoole Primary School,Chikwawa,-15.5008809,34.5033563,Logger,16.0624,24.243,225
1/1/2025,Chidoole Primary School,Chikwawa,-15.5008809,34.5033563,Logger,16.2478,24.244,224.9
1/1/2025,Chidoole Primary School,Chikwawa,-15.5008809,34.5033563,Logger,16.0603,24.243,225.3
2/1/2025,Chidoole Primary School,Chikwawa,-15.5008809,34.5033563,Logger,16.1666,24.246,226.7
2/1/2025,Chidoole Primary School,Chikwawa,-15.5008809,34.5033563,Logger,16.0617,24.242,226.6
3/1/2025,Chidoole Primary School,Chikwawa,-15.5008809,34.5033563,Logger,16.1558,24.243,226.2
3/1/2025,Chidoole Primary School,Chikwawa,-15.5008809,34.5033563,Logger,16.1269,24.243,225.7
4/1/2025,Chidoole Primary School,Chikwawa,-15.5008809,34.5033563,Logger,16.1782,24.241,225.2
4/1/2025,Chidoole Primary School,Chikwawa,-15.5008809,34.5033563,Logger,16.1215,24.24,224.8
5/1/2025,Chidoole Primary School,Chikwawa,-15.5008809,34.5033563,Logger,16.2389,24.243,224.7
5/1/2025,Chidoole Primary School,Chikwawa,-15.5008809,34.5033563,Logger,16.0875,24.24,224.6
6/1/2025,Chidoole Primary School,Chikwawa,-15.5008809,34.5033563,Logger,16.2201,24.24,224.5
6/1/2025,Chidoole Primary School,Chikwawa,-15.5008809,34.5033563,Logger,16.2183,24.24,224.5
7/1/2025,Chidoole Primary School,Chikwawa,-15.5008809,34.5033563,Logger,16.2318,24.242,224.5
7/1/2025,Chidoole Primary School,Chikwawa,-15.5008809,34.5033563,Logger,16.1577,24.242,224.5
8/1/2025,Chidoole Primary School,Chikwawa,-15.5008809,34.5033563,Logger,16.1324,24.239,224.5
8/1/2025,Chidoole Primary School,Chikwawa,-15.5008809,34.5033563,Logger,16.1958,24.238,224.8
9/1/2025,Chidoole Primary School,Chikwawa,-15.5008809,34.5033563,Logger,16.1517,24.239,225
9/1/2025,Chidoole Primary School,Chikwawa,-15.5008809,34.5033563,Logger,16.0767,24.239,224.9
10/1/2025,Chidoole Primary School,Chikwawa,-15.5008809,34.5033563,Logger,16.2204,24.239,224.7
10/1/2025,Chidoole Primary School,Chikwawa,-15.5008809,34.5033563,Logger,16.1906,24.238,224.5
11/1/2025,Chidoole Primary School,Chikwawa,-15.5008809,34.5033563,Logger,16.293,24.241,224.5
11/1/2025,Chidoole Primary School,Chikwawa,-15.5008809,34.5033563,Logger,16.2596,24.239,224.5
12/1/2025,Chidoole Primary School,Chikwawa,-15.5008809,34.5033563,Logger,16.342,24.238,224.5
12/1/2025,Chidoole Primary School,Chikwawa,-15.5008809,34.5033563,Logger,16.2439,24.239,224.5
13/01/2025,Chidoole Primary School,Chikwawa,-15.5008809,34.5033563,Logger,16.3034,24.239,224.5
13/01/2025,Chidoole Primary School,Chikwawa,-15.5008809,34.5033563,Logger,16.2795,24.238,224.4
14/01/2025,Chidoole Primary School,Chikwawa,-15.5008809,34.5033563,Logger,16.366,24.239,224.4
14/01/2025,Chidoole Primary School,Chikwawa,-15.5008809,34.5033563,Logger,16.3312,24.237,224.4
15/01/2025,Chidoole Primary School,Chikwawa,-15.5008809,34.5033563,Logger,16.2836,24.238,224.4
15/01/2025,Chidoole Primary School,Chikwawa,-15.5008809,34.5033563,Logger,16.2214,24.237,224.4
16/01/2025,Chidoole Primary School,Chikwawa,-15.5008809,34.5033563,Logger,16.2734,24.237,224.4
16/01/2025,Chidoole Primary School,Chikwawa,-15.5008809,34.5033563,Logger,16.2462,24.237,224.4
17/01/2025,Chidoole Primary School,Chikwawa,-15.5008809,34.5033563,Logger,16.2493,24.237,224.4
17/01/2025,Chidoole Primary School,Chikwawa,-15.5008809,34.5033563,Logger,16.2458,24.237,224.5
18/01/2025,Chidoole Primary School,Chikwawa,-15.5008809,34.5033563,Logger,16.3223,24.239,224.5
18/01/2025,Chidoole Primary School,Chikwawa,-15.5008809,34.5033563,Logger,16.1549,24.235,224.5
19/01/2025,Chidoole Primary School,Chikwawa,-15.5008809,34.5033563,Logger,16.2027,24.236,224.5
19/01/2025,Chidoole Primary School,Chikwawa,-15.5008809,34.5033563,Logger,16.1373,24.235,224.5
20/01/2025,Chidoole Primary School,Chikwawa,-15.5008809,34.5033563,Logger,16.1448,24.236,224.5
20/01/2025,Chidoole Primary School,Chikwawa,-15.5008809,34.5033563,Logger,16.1423,24.238,224.6
21/01/2025,Chidoole Primary School,Chikwawa,-15.5008809,34.5033563,Logger,16.1503,24.238,224.5
21/01/2025,Chidoole Primary School,Chikwawa,-15.5008809,34.5033563,Logger,16.093,24.237,224.6
22/01/2025,Chidoole Primary School,Chikwawa,-15.5008809,34.5033563,Logger,16.1052,24.234,224.5
22/01/2025,Chidoole Primary School,Chikwawa,-15.5008809,34.5033563,Logger,16.0431,24.237,224.6
23/01/2025,Chidoole Primary School,Chikwawa,-15.5008809,34.5033563,Logger,16.0646,24.236,224.6
23/01/2025,Chidoole Primary School,Chikwawa,-15.5008809,34.5033563,Logger,16.1569,24.238,224.6
24/01/2025,Chidoole Primary School,Chikwawa,-15.5008809,34.5033563,Logger,16.1245,24.236,224.6
24/01/2025,Chidoole Primary School,Chikwawa,-15.5008809,34.5033563,Logger,16.0304,24.233,224.6
25/01/2025,Chidoole Primary School,Chikwawa,-15.5008809,34.5033563,Logger,16.0786,24.235,224.6
25/01/2025,Chidoole Primary School,Chikwawa,-15.5008809,34.5033563,Logger,15.9425,24.236,224.5
26/01/2025,Chidoole Primary School,Chikwawa,-15.5008809,34.5033563,Logger,16.0523,24.236,224.6
26/01/2025,Chidoole Primary School,Chikwawa,-15.5008809,34.5033563,Logger,15.878,24.233,224.6
27/01/2025,Chidoole Primary School,Chikwawa,-15.5008809,34.5033563,Logger,16.0158,24.237,224.6
27/01/2025,Chidoole Primary School,Chikwawa,-15.5008809,34.5033563,Logger,15.844,24.234,224.6
28/01/2025,Chidoole Primary School,Chikwawa,-15.5008809,34.5033563,Logger,15.9513,24.234,224.6
28/01/2025,Chidoole Primary School,Chikwawa,-15.5008809,34.5033563,Logger,15.8801,24.233,224.6
29/01/2025,Chidoole Primary School,Chikwawa,-15.5008809,34.5033563,Logger,15.9834,24.235,224.5
29/01/2025,Chidoole Primary School,Chikwawa,-15.5008809,34.5033563,Logger,15.8162,24.233,224.6
30/01/2025,Chidoole Primary School,Chikwawa,-15.5008809,34.5033563,Logger,15.8949,24.235,224.9
30/01/2025,Chidoole Primary School,Chikwawa,-15.5008809,34.5033563,Logger,15.822,24.234,225
31/01/2025,Chidoole Primary School,Chikwawa,-15.5008809,34.5033563,Logger,15.9592,24.235,224.8
31/01/2025,Chidoole Primary School,Chikwawa,-15.5008809,34.5033563,Logger,15.7899,24.232,224.7
1/2/2025,Chidoole Primary School,Chikwawa,-15.5008809,34.5033563,Logger,15.7367,24.234,224.5
1/2/2025,Chidoole Primary School,Chikwawa,-15.5008809,34.5033563,Logger,15.7664,24.235,224.6
2/2/2025,Chidoole Primary School,Chikwawa,-15.5008809,34.5033563,Logger,15.7736,24.234,224.5
2/2/2025,Chidoole Primary School,Chikwawa,-15.5008809,34.5033563,Logger,15.7088,24.233,224.5
3/2/2025,Chidoole Primary School,Chikwawa,-15.5008809,34.5033563,Logger,15.681,24.234,225
3/2/2025,Chidoole Primary School,Chikwawa,-15.5008809,34.5033563,Logger,15.7433,24.233,230.6
4/2/2025,Chidoole Primary School,Chikwawa,-15.5008809,34.5033563,Logger,15.6773,24.232,232.2
4/2/2025,Chidoole Primary School,Chikwawa,-15.5008809,34.5033563,Logger,15.7374,24.234,232.1
5/2/2025,Chidoole Primary School,Chikwawa,-15.5008809,34.5033563,Logger,15.7506,24.231,231.7
5/2/2025,Chidoole Primary School,Chikwawa,-15.5008809,34.5033563,Logger,15.7399,24.233,231.7
6/2/2025,Chidoole Primary School,Chikwawa,-15.5008809,34.5033563,Logger,15.7523,24.232,232.2
6/2/2025,Chidoole Primary School,Chikwawa,-15.5008809,34.5033563,Logger,15.8361,24.232,231.8
7/2/2025,Chidoole Primary School,Chikwawa,-15.5008809,34.5033563,Logger,15.9443,24.232,231.2
31/12/2024,Chikwawa Post Office,Chikwawa,-16.0224384,34.7906859,Logger,34.182,31.772,5705
31/12/2024,Chikwawa Post Office,Chikwawa,-16.0224384,34.7906859,Logger,34.1666,31.774,5739.6
1/1/2025,Chikwawa Post Office,Chikwawa,-16.0224384,34.7906859,Logger,34.1805,31.771,5692.7
1/1/2025,Chikwawa Post Office,Chikwawa,-16.0224384,34.7906859,Logger,34.1731,31.775,5743.4
2/1/2025,Chikwawa Post Office,Chikwawa,-16.0224384,34.7906859,Logger,34.1834,31.775,5707.3
2/1/2025,Chikwawa Post Office,Chikwawa,-16.0224384,34.7906859,Logger,34.1813,31.775,5739.9
3/1/2025,Chikwawa Post Office,Chikwawa,-16.0224384,34.7906859,Logger,34.185,31.774,5712.6
3/1/2025,Chikwawa Post Office,Chikwawa,-16.0224384,34.7906859,Logger,34.1858,31.776,5755.8
4/1/2025,Chikwawa Post Office,Chikwawa,-16.0224384,34.7906859,Logger,34.1779,31.775,5707.2
4/1/2025,Chikwawa Post Office,Chikwawa,-16.0224384,34.7906859,Logger,34.1725,31.775,5717.8
5/1/2025,Chikwawa Post Office,Chikwawa,-16.0224384,34.7906859,Logger,34.1759,31.774,5702.7
5/1/2025,Chikwawa Post Office,Chikwawa,-16.0224384,34.7906859,Logger,34.166,31.775,5711.5
6/1/2025,Chikwawa Post Office,Chikwawa,-16.0224384,34.7906859,Logger,34.1833,31.775,5685.5
6/1/2025,Chikwawa Post Office,Chikwawa,-16.0224384,34.7906859,Logger,34.1793,31.774,5718.7
7/1/2025,Chikwawa Post Office,Chikwawa,-16.0224384,34.7906859,Logger,34.1829,31.774,5707
7/1/2025,Chikwawa Post Office,Chikwawa,-16.0224384,34.7906859,Logger,34.1704,31.773,5725.7
8/1/2025,Chikwawa Post Office,Chikwawa,-16.0224384,34.7906859,Logger,34.1774,31.77,5688.8
8/1/2025,Chikwawa Post Office,Chikwawa,-16.0224384,34.7906859,Logger,34.1815,31.772,5707.1
9/1/2025,Chikwawa Post Office,Chikwawa,-16.0224384,34.7906859,Logger,34.1776,31.772,5687.9
9/1/2025,Chikwawa Post Office,Chikwawa,-16.0224384,34.7906859,Logger,34.1799,31.773,5673.1
10/1/2025,Chikwawa Post Office,Chikwawa,-16.0224384,34.7906859,Logger,34.1881,31.773,5680.5
10/1/2025,Chikwawa Post Office,Chikwawa,-16.0224384,34.7906859,Logger,34.18,31.771,5699.2
11/1/2025,Chikwawa Post Office,Chikwawa,-16.0224384,34.7906859,Logger,34.1898,31.769,5681.4
11/1/2025,Chikwawa Post Office,Chikwawa,-16.0224384,34.7906859,Logger,34.1741,31.774,5722.6
12/1/2025,Chikwawa Post Office,Chikwawa,-16.0224384,34.7906859,Logger,34.1839,31.768,5693.9
12/1/2025,Chikwawa Post Office,Chikwawa,-16.0224384,34.7906859,Logger,34.1622,31.774,5718.5
13/01/2025,Chikwawa Post Office,Chikwawa,-16.0224384,34.7906859,Logger,34.1836,31.773,5694.6
13/01/2025,Chikwawa Post Office,Chikwawa,-16.0224384,34.7906859,Logger,34.1742,31.771,5720.8
14/01/2025,Chikwawa Post Office,Chikwawa,-16.0224384,34.7906859,Logger,34.1781,31.772,5698.7
14/01/2025,Chikwawa Post Office,Chikwawa,-16.0224384,34.7906859,Logger,34.1706,31.774,5717.3
15/01/2025,Chikwawa Post Office,Chikwawa,-16.0224384,34.7906859,Logger,34.1761,31.77,5698.7
15/01/2025,Chikwawa Post Office,Chikwawa,-16.0224384,34.7906859,Logger,34.1731,31.772,5718.4
16/01/2025,Chikwawa Post Office,Chikwawa,-16.0224384,34.7906859,Logger,34.183,31.77,5685.9
16/01/2025,Chikwawa Post Office,Chikwawa,-16.0224384,34.7906859,Logger,34.1859,31.771,5716.8
17/01/2025,Chikwawa Post Office,Chikwawa,-16.0224384,34.7906859,Logger,34.1885,31.772,5702.7
17/01/2025,Chikwawa Post Office,Chikwawa,-16.0224384,34.7906859,Logger,34.1759,31.769,5725.5
18/01/2025,Chikwawa Post Office,Chikwawa,-16.0224384,34.7906859,Logger,34.1794,31.771,5714.2
18/01/2025,Chikwawa Post Office,Chikwawa,-16.0224384,34.7906859,Logger,34.1706,31.771,5741
19/01/2025,Chikwawa Post Office,Chikwawa,-16.0224384,34.7906859,Logger,34.1813,31.769,5710.2
19/01/2025,Chikwawa Post Office,Chikwawa,-16.0224384,34.7906859,Logger,34.1804,31.772,5743.5
20/01/2025,Chikwawa Post Office,Chikwawa,-16.0224384,34.7906859,Logger,34.1659,31.773,5680.5
20/01/2025,Chikwawa Post Office,Chikwawa,-16.0224384,34.7906859,Logger,34.166,31.771,5673.9
21/01/2025,Chikwawa Post Office,Chikwawa,-16.0224384,34.7906859,Logger,34.1693,31.774,5681.6
21/01/2025,Chikwawa Post Office,Chikwawa,-16.0224384,34.7906859,Logger,34.1797,31.772,5689.8
22/01/2025,Chikwawa Post Office,Chikwawa,-16.0224384,34.7906859,Logger,34.1674,31.77,5697.6
22/01/2025,Chikwawa Post Office,Chikwawa,-16.0224384,34.7906859,Logger,34.1624,31.772,5689.4
23/01/2025,Chikwawa Post Office,Chikwawa,-16.0224384,34.7906859,Logger,34.1558,31.771,5669.5
23/01/2025,Chikwawa Post Office,Chikwawa,-16.0224384,34.7906859,Logger,34.1597,31.773,5658.7
24/01/2025,Chikwawa Post Office,Chikwawa,-16.0224384,34.7906859,Logger,34.1603,31.775,5647.3
24/01/2025,Chikwawa Post Office,Chikwawa,-16.0224384,34.7906859,Logger,34.1568,31.773,5633.4
25/01/2025,Chikwawa Post Office,Chikwawa,-16.0224384,34.7906859,Logger,34.1615,31.771,5647.8
25/01/2025,Chikwawa Post Office,Chikwawa,-16.0224384,34.7906859,Logger,34.1604,31.773,5648
26/01/2025,Chikwawa Post Office,Chikwawa,-16.0224384,34.7906859,Logger,34.1655,31.771,5648.2
26/01/2025,Chikwawa Post Office,Chikwawa,-16.0224384,34.7906859,Logger,34.1617,31.771,5654.5
27/01/2025,Chikwawa Post Office,Chikwawa,-16.0224384,34.7906859,Logger,34.1687,31.772,5649.1
27/01/2025,Chikwawa Post Office,Chikwawa,-16.0224384,34.7906859,Logger,34.1559,31.774,5652.7
28/01/2025,Chikwawa Post Office,Chikwawa,-16.0224384,34.7906859,Logger,34.1644,31.77,5643.2
28/01/2025,Chikwawa Post Office,Chikwawa,-16.0224384,34.7906859,Logger,34.1638,31.773,5657
29/01/2025,Chikwawa Post Office,Chikwawa,-16.0224384,34.7906859,Logger,34.1543,31.773,5637.5
29/01/2025,Chikwawa Post Office,Chikwawa,-16.0224384,34.7906859,Logger,34.1518,31.772,5623.1
30/01/2025,Chikwawa Post Office,Chikwawa,-16.0224384,34.7906859,Logger,34.1561,31.773,5633.3
30/01/2025,Chikwawa Post Office,Chikwawa,-16.0224384,34.7906859,Logger,34.1475,31.773,5657.2
31/01/2025,Chikwawa Post Office,Chikwawa,-16.0224384,34.7906859,Logger,34.1571,31.773,5649
31/01/2025,Chikwawa Post Office,Chikwawa,-16.0224384,34.7906859,Logger,34.1472,31.772,5665.3
1/2/2025,Chikwawa Post Office,Chikwawa,-16.0224384,34.7906859,Logger,34.1539,31.773,5651.3
1/2/2025,Chikwawa Post Office,Chikwawa,-16.0224384,34.7906859,Logger,34.1481,31.773,5667.4
2/2/2025,Chikwawa Post Office,Chikwawa,-16.0224384,34.7906859,Logger,34.1546,31.774,5649.4
2/2/2025,Chikwawa Post Office,Chikwawa,-16.0224384,34.7906859,Logger,34.1483,31.773,5667
3/2/2025,Chikwawa Post Office,Chikwawa,-16.0224384,34.7906859,Logger,34.1558,31.774,5654.5
3/2/2025,Chikwawa Post Office,Chikwawa,-16.0224384,34.7906859,Logger,34.1509,31.771,5667.2
4/2/2025,Chikwawa Post Office,Chikwawa,-16.0224384,34.7906859,Logger,34.1561,31.773,5640.6
4/2/2025,Chikwawa Post Office,Chikwawa,-16.0224384,34.7906859,Logger,34.149,31.773,5659.8
5/2/2025,Chikwawa Post Office,Chikwawa,-16.0224384,34.7906859,Logger,34.1519,31.772,5663
5/2/2025,Chikwawa Post Office,Chikwawa,-16.0224384,34.7906859,Logger,34.1413,31.771,5667.6
6/2/2025,Chikwawa Post Office,Chikwawa,-16.0224384,34.7906859,Logger,34.1557,31.773,5673.6
31/12/2024,Chilayeni Primary School,Thyolo,-15.81389694,35.59344396,Logger,9.298,26.082,338.9
31/12/2024,Chilayeni Primary School,Thyolo,-15.81389694,35.59344396,Logger,9.2494,26.078,338.9
1/1/2025,Chilayeni Primary School,Thyolo,-15.81389694,35.59344396,Logger,9.2587,26.079,339
1/1/2025,Chilayeni Primary School,Thyolo,-15.81389694,35.59344396,Logger,9.239,26.079,339.1
2/1/2025,Chilayeni Primary School,Thyolo,-15.81389694,35.59344396,Logger,9.2349,26.078,339
2/1/2025,Chilayeni Primary School,Thyolo,-15.81389694,35.59344396,Logger,9.176,26.076,339.1
3/1/2025,Chilayeni Primary School,Thyolo,-15.81389694,35.59344396,Logger,9.1976,26.078,338.9
3/1/2025,Chilayeni Primary School,Thyolo,-15.81389694,35.59344396,Logger,9.159,26.077,339
4/1/2025,Chilayeni Primary School,Thyolo,-15.81389694,35.59344396,Logger,9.1975,26.08,339
4/1/2025,Chilayeni Primary School,Thyolo,-15.81389694,35.59344396,Logger,9.1205,26.073,338.9
5/1/2025,Chilayeni Primary School,Thyolo,-15.81389694,35.59344396,Logger,9.1094,26.076,339
5/1/2025,Chilayeni Primary School,Thyolo,-15.81389694,35.59344396,Logger,9.114,26.074,339
6/1/2025,Chilayeni Primary School,Thyolo,-15.81389694,35.59344396,Logger,9.1628,26.076,339
6/1/2025,Chilayeni Primary School,Thyolo,-15.81389694,35.59344396,Logger,9.1534,26.074,338.9
7/1/2025,Chilayeni Primary School,Thyolo,-15.81389694,35.59344396,Logger,9.2146,26.076,339
7/1/2025,Chilayeni Primary School,Thyolo,-15.81389694,35.59344396,Logger,9.2198,26.072,338.9
8/1/2025,Chilayeni Primary School,Thyolo,-15.81389694,35.59344396,Logger,9.2217,26.077,338.9
8/1/2025,Chilayeni Primary School,Thyolo,-15.81389694,35.59344396,Logger,9.1727,26.072,338.9
9/1/2025,Chilayeni Primary School,Thyolo,-15.81389694,35.59344396,Logger,9.1937,26.074,339
9/1/2025,Chilayeni Primary School,Thyolo,-15.81389694,35.59344396,Logger,9.1113,26.071,339
10/1/2025,Chilayeni Primary School,Thyolo,-15.81389694,35.59344396,Logger,9.0949,26.072,338.9
10/1/2025,Chilayeni Primary School,Thyolo,-15.81389694,35.59344396,Logger,9.1091,26.07,338.9
11/1/2025,Chilayeni Primary School,Thyolo,-15.81389694,35.59344396,Logger,9.122,26.07,338.8
11/1/2025,Chilayeni Primary School,Thyolo,-15.81389694,35.59344396,Logger,9.1098,26.07,338.9
12/1/2025,Chilayeni Primary School,Thyolo,-15.81389694,35.59344396,Logger,9.0942,26.071,338.9
12/1/2025,Chilayeni Primary School,Thyolo,-15.81389694,35.59344396,Logger,9.0914,26.071,338.8
13/01/2025,Chilayeni Primary School,Thyolo,-15.81389694,35.59344396,Logger,9.073,26.072,338.8
13/01/2025,Chilayeni Primary School,Thyolo,-15.81389694,35.59344396,Logger,9.0865,26.071,338.8
14/01/2025,Chilayeni Primary School,Thyolo,-15.81389694,35.59344396,Logger,9.0849,26.069,338.9
14/01/2025,Chilayeni Primary School,Thyolo,-15.81389694,35.59344396,Logger,9.072,26.068,338.8
15/01/2025,Chilayeni Primary School,Thyolo,-15.81389694,35.59344396,Logger,9.0493,26.072,338.9
15/01/2025,Chilayeni Primary School,Thyolo,-15.81389694,35.59344396,Logger,9.0926,26.069,338.7
16/01/2025,Chilayeni Primary School,Thyolo,-15.81389694,35.59344396,Logger,9.0821,26.069,338.9
16/01/2025,Chilayeni Primary School,Thyolo,-15.81389694,35.59344396,Logger,9.0938,26.071,338.7
17/01/2025,Chilayeni Primary School,Thyolo,-15.81389694,35.59344396,Logger,9.1583,26.072,338.8
17/01/2025,Chilayeni Primary School,Thyolo,-15.81389694,35.59344396,Logger,9.0885,26.067,338.8
18/01/2025,Chilayeni Primary School,Thyolo,-15.81389694,35.59344396,Logger,9.1163,26.069,338.8
18/01/2025,Chilayeni Primary School,Thyolo,-15.81389694,35.59344396,Logger,9.0738,26.066,338.8
19/01/2025,Chilayeni Primary School,Thyolo,-15.81389694,35.59344396,Logger,9.1326,26.07,338.8
19/01/2025,Chilayeni Primary School,Thyolo,-15.81389694,35.59344396,Logger,9.0924,26.066,338.7
20/01/2025,Chilayeni Primary School,Thyolo,-15.81389694,35.59344396,Logger,9.0468,26.067,338.8
20/01/2025,Chilayeni Primary School,Thyolo,-15.81389694,35.59344396,Logger,9.0454,26.065,338.8
21/01/2025,Chilayeni Primary School,Thyolo,-15.81389694,35.59344396,Logger,9.0304,26.067,338.8
21/01/2025,Chilayeni Primary School,Thyolo,-15.81389694,35.59344396,Logger,8.9888,26.066,338.9
22/01/2025,Chilayeni Primary School,Thyolo,-15.81389694,35.59344396,Logger,9.0446,26.067,338.6
22/01/2025,Chilayeni Primary School,Thyolo,-15.81389694,35.59344396,Logger,8.9543,26.066,338.7
23/01/2025,Chilayeni Primary School,Thyolo,-15.81389694,35.59344396,Logger,8.9728,26.066,338.6
23/01/2025,Chilayeni Primary School,Thyolo,-15.81389694,35.59344396,Logger,8.9458,26.065,338.6
24/01/2025,Chilayeni Primary School,Thyolo,-15.81389694,35.59344396,Logger,8.9369,26.066,338.6
24/01/2025,Chilayeni Primary School,Thyolo,-15.81389694,35.59344396,Logger,8.915,26.064,338.5
25/01/2025,Chilayeni Primary School,Thyolo,-15.81389694,35.59344396,Logger,8.8738,26.065,338.6
25/01/2025,Chilayeni Primary School,Thyolo,-15.81389694,35.59344396,Logger,8.8717,26.062,338.6
26/01/2025,Chilayeni Primary School,Thyolo,-15.81389694,35.59344396,Logger,8.8055,26.064,338.5
26/01/2025,Chilayeni Primary School,Thyolo,-15.81389694,35.59344396,Logger,8.8342,26.063,338.6
27/01/2025,Chilayeni Primary School,Thyolo,-15.81389694,35.59344396,Logger,8.837,26.066,338.5
27/01/2025,Chilayeni Primary School,Thyolo,-15.81389694,35.59344396,Logger,8.802,26.064,338.3
28/01/2025,Chilayeni Primary School,Thyolo,-15.81389694,35.59344396,Logger,8.8359,26.064,338.5
28/01/2025,Chilayeni Primary School,Thyolo,-15.81389694,35.59344396,Logger,8.8359,26.063,338.6
29/01/2025,Chilayeni Primary School,Thyolo,-15.81389694,35.59344396,Logger,8.818,26.064,338.5
29/01/2025,Chilayeni Primary School,Thyolo,-15.81389694,35.59344396,Logger,8.7454,26.064,338.5
30/01/2025,Chilayeni Primary School,Thyolo,-15.81389694,35.59344396,Logger,8.7558,26.062,338.5
30/01/2025,Chilayeni Primary School,Thyolo,-15.81389694,35.59344396,Logger,8.7567,26.062,338.5
31/01/2025,Chilayeni Primary School,Thyolo,-15.81389694,35.59344396,Logger,8.7642,26.064,338.5
31/01/2025,Chilayeni Primary School,Thyolo,-15.81389694,35.59344396,Logger,8.692,26.06,338.4
1/2/2025,Chilayeni Primary School,Thyolo,-15.81389694,35.59344396,Logger,8.6659,26.063,338.5
1/2/2025,Chilayeni Primary School,Thyolo,-15.81389694,35.59344396,Logger,8.6638,26.06,338.5
2/2/2025,Chilayeni Primary School,Thyolo,-15.81389694,35.59344396,Logger,8.6479,26.062,338.5
2/2/2025,Chilayeni Primary School,Thyolo,-15.81389694,35.59344396,Logger,8.6739,26.059,338.4
3/2/2025,Chilayeni Primary School,Thyolo,-15.81389694,35.59344396,Logger,8.6929,26.061,338.4
3/2/2025,Chilayeni Primary School,Thyolo,-15.81389694,35.59344396,Logger,8.6917,26.059,338.4
4/2/2025,Chilayeni Primary School,Thyolo,-15.81389694,35.59344396,Logger,8.6547,26.061,338.3
4/2/2025,Chilayeni Primary School,Thyolo,-15.81389694,35.59344396,Logger,8.6562,26.06,338.3
31/12/2024,Chilomoni Police Station,Blantyre,-15.76980952,34.98733313,Logger,45.29,23.699,517.4
31/12/2024,Chilomoni Police Station,Blantyre,-15.76980952,34.98733313,Logger,45.2736,23.696,517.5
1/1/2025,Chilomoni Police Station,Blantyre,-15.76980952,34.98733313,Logger,45.2774,23.699,517.7
1/1/2025,Chilomoni Police Station,Blantyre,-15.76980952,34.98733313,Logger,45.2439,23.698,518.1
2/1/2025,Chilomoni Police Station,Blantyre,-15.76980952,34.98733313,Logger,45.2104,23.7,518
2/1/2025,Chilomoni Police Station,Blantyre,-15.76980952,34.98733313,Logger,45.2077,23.699,518.1
3/1/2025,Chilomoni Police Station,Blantyre,-15.76980952,34.98733313,Logger,45.178,23.699,518.1
3/1/2025,Chilomoni Police Station,Blantyre,-15.76980952,34.98733313,Logger,45.132,23.697,517.9
4/1/2025,Chilomoni Police Station,Blantyre,-15.76980952,34.98733313,Logger,45.0907,23.699,517.3
4/1/2025,Chilomoni Police Station,Blantyre,-15.76980952,34.98733313,Logger,45.063,23.698,517.1
5/1/2025,Chilomoni Police Station,Blantyre,-15.76980952,34.98733313,Logger,45.0247,23.698,517
5/1/2025,Chilomoni Police Station,Blantyre,-15.76980952,34.98733313,Logger,44.985,23.697,516.9
6/1/2025,Chilomoni Police Station,Blantyre,-15.76980952,34.98733313,Logger,44.9805,23.699,516.5
6/1/2025,Chilomoni Police Station,Blantyre,-15.76980952,34.98733313,Logger,44.9211,23.696,516.4
7/1/2025,Chilomoni Police Station,Blantyre,-15.76980952,34.98733313,Logger,44.9055,23.696,515.1
7/1/2025,Chilomoni Police Station,Blantyre,-15.76980952,34.98733313,Logger,44.8677,23.698,514
8/1/2025,Chilomoni Police Station,Blantyre,-15.76980952,34.98733313,Logger,44.8611,23.697,512.6
8/1/2025,Chilomoni Police Station,Blantyre,-15.76980952,34.98733313,Logger,44.814,23.697,510.9
9/1/2025,Chilomoni Police Station,Blantyre,-15.76980952,34.98733313,Logger,44.7927,23.695,508.9
9/1/2025,Chilomoni Police Station,Blantyre,-15.76980952,34.98733313,Logger,44.7235,23.695,507.5
10/1/2025,Chilomoni Police Station,Blantyre,-15.76980952,34.98733313,Logger,44.7526,23.696,506.2
10/1/2025,Chilomoni Police Station,Blantyre,-15.76980952,34.98733313,Logger,44.6772,23.695,505.1
11/1/2025,Chilomoni Police Station,Blantyre,-15.76980952,34.98733313,Logger,44.6822,23.695,502.7
11/1/2025,Chilomoni Police Station,Blantyre,-15.76980952,34.98733313,Logger,44.6299,23.694,499.4
12/1/2025,Chilomoni Police Station,Blantyre,-15.76980952,34.98733313,Logger,44.6316,23.693,495.6
12/1/2025,Chilomoni Police Station,Blantyre,-15.76980952,34.98733313,Logger,44.5544,23.694,491.8
13/01/2025,Chilomoni Police Station,Blantyre,-15.76980952,34.98733313,Logger,44.5404,23.695,489
13/01/2025,Chilomoni Police Station,Blantyre,-15.76980952,34.98733313,Logger,44.5079,23.695,486.7
14/01/2025,Chilomoni Police Station,Blantyre,-15.76980952,34.98733313,Logger,44.4913,23.693,485.5
14/01/2025,Chilomoni Police Station,Blantyre,-15.76980952,34.98733313,Logger,44.4707,23.694,484.2
15/01/2025,Chilomoni Police Station,Blantyre,-15.76980952,34.98733313,Logger,44.4708,23.694,482.6
15/01/2025,Chilomoni Police Station,Blantyre,-15.76980952,34.98733313,Logger,44.468,23.694,481.5
16/01/2025,Chilomoni Police Station,Blantyre,-15.76980952,34.98733313,Logger,44.4907,23.694,480.8
16/01/2025,Chilomoni Police Station,Blantyre,-15.76980952,34.98733313,Logger,44.5237,23.694,479.9
17/01/2025,Chilomoni Police Station,Blantyre,-15.76980952,34.98733313,Logger,44.5506,23.695,479.5
17/01/2025,Chilomoni Police Station,Blantyre,-15.76980952,34.98733313,Logger,44.5686,23.694,479
18/01/2025,Chilomoni Police Station,Blantyre,-15.76980952,34.98733313,Logger,44.5858,23.694,478.7
18/01/2025,Chilomoni Police Station,Blantyre,-15.76980952,34.98733313,Logger,44.5967,23.694,478.6
19/01/2025,Chilomoni Police Station,Blantyre,-15.76980952,34.98733313,Logger,44.6297,23.693,478.5
19/01/2025,Chilomoni Police Station,Blantyre,-15.76980952,34.98733313,Logger,44.6551,23.691,478.9
20/01/2025,Chilomoni Police Station,Blantyre,-15.76980952,34.98733313,Logger,44.6975,23.691,479.8
20/01/2025,Chilomoni Police Station,Blantyre,-15.76980952,34.98733313,Logger,44.6955,23.692,480.4
21/01/2025,Chilomoni Police Station,Blantyre,-15.76980952,34.98733313,Logger,44.695,23.692,480.5
21/01/2025,Chilomoni Police Station,Blantyre,-15.76980952,34.98733313,Logger,44.642,23.691,479.1
22/01/2025,Chilomoni Police Station,Blantyre,-15.76980952,34.98733313,Logger,44.6069,23.691,469.2
22/01/2025,Chilomoni Police Station,Blantyre,-15.76980952,34.98733313,Logger,44.5373,23.691,453.8
23/01/2025,Chilomoni Police Station,Blantyre,-15.76980952,34.98733313,Logger,44.5226,23.692,444.5
23/01/2025,Chilomoni Police Station,Blantyre,-15.76980952,34.98733313,Logger,44.5033,23.691,437.8
24/01/2025,Chilomoni Police Station,Blantyre,-15.76980952,34.98733313,Logger,44.5091,23.691,432.9
24/01/2025,Chilomoni Police Station,Blantyre,-15.76980952,34.98733313,Logger,44.3889,23.692,429.2
25/01/2025,Chilomoni Police Station,Blantyre,-15.76980952,34.98733313,Logger,44.235,23.69,421.5
25/01/2025,Chilomoni Police Station,Blantyre,-15.76980952,34.98733313,Logger,44.0431,23.695,408.8
26/01/2025,Chilomoni Police Station,Blantyre,-15.76980952,34.98733313,Logger,43.895,23.694,402.2
26/01/2025,Chilomoni Police Station,Blantyre,-15.76980952,34.98733313,Logger,43.7051,23.698,398.3
27/01/2025,Chilomoni Police Station,Blantyre,-15.76980952,34.98733313,Logger,43.5314,23.7,395.2
27/01/2025,Chilomoni Police Station,Blantyre,-15.76980952,34.98733313,Logger,43.3582,23.704,392.2
28/01/2025,Chilomoni Police Station,Blantyre,-15.76980952,34.98733313,Logger,43.2022,23.709,390.7
28/01/2025,Chilomoni Police Station,Blantyre,-15.76980952,34.98733313,Logger,43.0211,23.711,389.3
29/01/2025,Chilomoni Police Station,Blantyre,-15.76980952,34.98733313,Logger,42.8749,23.716,388.4
29/01/2025,Chilomoni Police Station,Blantyre,-15.76980952,34.98733313,Logger,42.7547,23.718,387.9
30/01/2025,Chilomoni Police Station,Blantyre,-15.76980952,34.98733313,Logger,42.6301,23.719,387.7
30/01/2025,Chilomoni Police Station,Blantyre,-15.76980952,34.98733313,Logger,42.5207,23.723,387.6
31/01/2025,Chilomoni Police Station,Blantyre,-15.76980952,34.98733313,Logger,42.4099,23.726,387.8
31/01/2025,Chilomoni Police Station,Blantyre,-15.76980952,34.98733313,Logger,42.3426,23.728,388
1/2/2025,Chilomoni Police Station,Blantyre,-15.76980952,34.98733313,Logger,42.2671,23.727,388.4
1/2/2025,Chilomoni Police Station,Blantyre,-15.76980952,34.98733313,Logger,42.2255,23.727,388.6
2/2/2025,Chilomoni Police Station,Blantyre,-15.76980952,34.98733313,Logger,42.1564,23.728,389.1
2/2/2025,Chilomoni Police Station,Blantyre,-15.76980952,34.98733313,Logger,42.1133,23.727,389.6
3/2/2025,Chilomoni Police Station,Blantyre,-15.76980952,34.98733313,Logger,42.0802,23.729,389.8
3/2/2025,Chilomoni Police Station,Blantyre,-15.76980952,34.98733313,Logger,42.0174,23.728,390.3
4/2/2025,Chilomoni Police Station,Blantyre,-15.76980952,34.98733313,Logger,41.8302,23.733,390.2
4/2/2025,Chilomoni Police Station,Blantyre,-15.76980952,34.98733313,Logger,41.5652,23.742,388.8
5/2/2025,Chilomoni Police Station,Blantyre,-15.76980952,34.98733313,Logger,41.2947,23.752,387.5
5/2/2025,Chilomoni Police Station,Blantyre,-15.76980952,34.98733313,Logger,41.0163,23.761,386.4
6/2/2025,Chilomoni Police Station,Blantyre,-15.76980952,34.98733313,Logger,40.7927,23.769,385.9
31/12/2024,Kawiya Ccap,Thyolo,-15.3200048,35.3988751,Logger,6.669,25.639,311.4
31/12/2024,Kawiya Ccap,Thyolo,-15.3200048,35.3988751,Logger,6.6476,25.64,307.6
1/1/2025,Kawiya Ccap,Thyolo,-15.3200048,35.3988751,Logger,6.6519,25.639,309.8
1/1/2025,Kawiya Ccap,Thyolo,-15.3200048,35.3988751,Logger,6.6336,25.637,306.7
2/1/2025,Kawiya Ccap,Thyolo,-15.3200048,35.3988751,Logger,6.6331,25.64,307.1
2/1/2025,Kawiya Ccap,Thyolo,-15.3200048,35.3988751,Logger,6.6189,25.639,304.7
3/1/2025,Kawiya Ccap,Thyolo,-15.3200048,35.3988751,Logger,6.6061,25.638,305.6
3/1/2025,Kawiya Ccap,Thyolo,-15.3200048,35.3988751,Logger,6.5852,25.637,305.6
4/1/2025,Kawiya Ccap,Thyolo,-15.3200048,35.3988751,Logger,6.5873,25.637,304.8
4/1/2025,Kawiya Ccap,Thyolo,-15.3200048,35.3988751,Logger,6.5713,25.637,302.1
5/1/2025,Kawiya Ccap,Thyolo,-15.3200048,35.3988751,Logger,6.5689,25.638,305.1
5/1/2025,Kawiya Ccap,Thyolo,-15.3200048,35.3988751,Logger,6.548,25.638,302.6
6/1/2025,Kawiya Ccap,Thyolo,-15.3200048,35.3988751,Logger,6.5507,25.636,304.2
6/1/2025,Kawiya Ccap,Thyolo,-15.3200048,35.3988751,Logger,6.5383,25.637,302.9
7/1/2025,Kawiya Ccap,Thyolo,-15.3200048,35.3988751,Logger,6.5368,25.637,303.7
7/1/2025,Kawiya Ccap,Thyolo,-15.3200048,35.3988751,Logger,6.521,25.638,303.8
8/1/2025,Kawiya Ccap,Thyolo,-15.3200048,35.3988751,Logger,6.5214,25.638,304.3
8/1/2025,Kawiya Ccap,Thyolo,-15.3200048,35.3988751,Logger,6.5181,25.638,303.6
9/1/2025,Kawiya Ccap,Thyolo,-15.3200048,35.3988751,Logger,6.4768,25.638,309
9/1/2025,Kawiya Ccap,Thyolo,-15.3200048,35.3988751,Logger,6.433,25.638,305.8
10/1/2025,Kawiya Ccap,Thyolo,-15.3200048,35.3988751,Logger,6.4141,25.635,304.9
10/1/2025,Kawiya Ccap,Thyolo,-15.3200048,35.3988751,Logger,6.3865,25.637,303.1
11/1/2025,Kawiya Ccap,Thyolo,-15.3200048,35.3988751,Logger,6.3834,25.637,303.4
11/1/2025,Kawiya Ccap,Thyolo,-15.3200048,35.3988751,Logger,6.3513,25.638,302.5
12/1/2025,Kawiya Ccap,Thyolo,-15.3200048,35.3988751,Logger,6.3496,25.635,303.1
12/1/2025,Kawiya Ccap,Thyolo,-15.3200048,35.3988751,Logger,6.3251,25.635,302.9
13/01/2025,Kawiya Ccap,Thyolo,-15.3200048,35.3988751,Logger,6.3293,25.635,303.6
13/01/2025,Kawiya Ccap,Thyolo,-15.3200048,35.3988751,Logger,6.3237,25.635,303.1
14/01/2025,Kawiya Ccap,Thyolo,-15.3200048,35.3988751,Logger,6.3204,25.637,304.3
14/01/2025,Kawiya Ccap,Thyolo,-15.3200048,35.3988751,Logger,6.3135,25.636,303.6
15/01/2025,Kawiya Ccap,Thyolo,-15.3200048,35.3988751,Logger,6.3194,25.634,305.3
15/01/2025,Kawiya Ccap,Thyolo,-15.3200048,35.3988751,Logger,6.3095,25.635,304.9
16/01/2025,Kawiya Ccap,Thyolo,-15.3200048,35.3988751,Logger,6.3168,25.633,306.5
16/01/2025,Kawiya Ccap,Thyolo,-15.3200048,35.3988751,Logger,6.308,25.635,303.7
17/01/2025,Kawiya Ccap,Thyolo,-15.3200048,35.3988751,Logger,6.3133,25.636,305.7
17/01/2025,Kawiya Ccap,Thyolo,-15.3200048,35.3988751,Logger,6.3004,25.636,305.5
18/01/2025,Kawiya Ccap,Thyolo,-15.3200048,35.3988751,Logger,6.2951,25.634,305.3
18/01/2025,Kawiya Ccap,Thyolo,-15.3200048,35.3988751,Logger,6.2851,25.634,305.4
19/01/2025,Kawiya Ccap,Thyolo,-15.3200048,35.3988751,Logger,6.2891,25.634,305.2
19/01/2025,Kawiya Ccap,Thyolo,-15.3200048,35.3988751,Logger,6.2795,25.632,307.1
20/01/2025,Kawiya Ccap,Thyolo,-15.3200048,35.3988751,Logger,6.2557,25.635,305.5
20/01/2025,Kawiya Ccap,Thyolo,-15.3200048,35.3988751,Logger,6.231,25.634,304.6
21/01/2025,Kawiya Ccap,Thyolo,-15.3200048,35.3988751,Logger,6.1679,25.633,303.7
21/01/2025,Kawiya Ccap,Thyolo,-15.3200048,35.3988751,Logger,6.0899,25.634,301.2
22/01/2025,Kawiya Ccap,Thyolo,-15.3200048,35.3988751,Logger,6.0462,25.633,298.6
22/01/2025,Kawiya Ccap,Thyolo,-15.3200048,35.3988751,Logger,6.0095,25.631,297.7
23/01/2025,Kawiya Ccap,Thyolo,-15.3200048,35.3988751,Logger,5.9903,25.633,298.3
23/01/2025,Kawiya Ccap,Thyolo,-15.3200048,35.3988751,Logger,5.9688,25.631,297.7
24/01/2025,Kawiya Ccap,Thyolo,-15.3200048,35.3988751,Logger,5.9562,25.633,296.9
24/01/2025,Kawiya Ccap,Thyolo,-15.3200048,35.3988751,Logger,5.9327,25.631,298.2
25/01/2025,Kawiya Ccap,Thyolo,-15.3200048,35.3988751,Logger,5.9186,25.631,299.6
25/01/2025,Kawiya Ccap,Thyolo,-15.3200048,35.3988751,Logger,5.9122,25.631,298.2
26/01/2025,Kawiya Ccap,Thyolo,-15.3200048,35.3988751,Logger,5.906,25.631,298.9
26/01/2025,Kawiya Ccap,Thyolo,-15.3200048,35.3988751,Logger,5.9043,25.631,298.1
27/01/2025,Kawiya Ccap,Thyolo,-15.3200048,35.3988751,Logger,5.9105,25.632,298.8
27/01/2025,Kawiya Ccap,Thyolo,-15.3200048,35.3988751,Logger,5.8954,25.63,299.6
28/01/2025,Kawiya Ccap,Thyolo,-15.3200048,35.3988751,Logger,5.8922,25.631,299.8
28/01/2025,Kawiya Ccap,Thyolo,-15.3200048,35.3988751,Logger,5.8853,25.632,301.1
29/01/2025,Kawiya Ccap,Thyolo,-15.3200048,35.3988751,Logger,5.8799,25.632,302.4
29/01/2025,Kawiya Ccap,Thyolo,-15.3200048,35.3988751,Logger,5.8734,25.63,300.5
30/01/2025,Kawiya Ccap,Thyolo,-15.3200048,35.3988751,Logger,5.8651,25.629,301.9
30/01/2025,Kawiya Ccap,Thyolo,-15.3200048,35.3988751,Logger,5.8431,25.631,300.1
31/01/2025,Kawiya Ccap,Thyolo,-15.3200048,35.3988751,Logger,5.8014,25.628,300.3
31/01/2025,Kawiya Ccap,Thyolo,-15.3200048,35.3988751,Logger,5.7378,25.629,299.1
1/2/2025,Kawiya Ccap,Thyolo,-15.3200048,35.3988751,Logger,5.7025,25.628,297.2
1/2/2025,Kawiya Ccap,Thyolo,-15.3200048,35.3988751,Logger,5.6674,25.629,295.6
2/2/2025,Kawiya Ccap,Thyolo,-15.3200048,35.3988751,Logger,5.6613,25.631,295.8
2/2/2025,Kawiya Ccap,Thyolo,-15.3200048,35.3988751,Logger,5.639,25.63,295.6
3/2/2025,Kawiya Ccap,Thyolo,-15.3200048,35.3988751,Logger,5.6529,25.629,296.5
3/2/2025,Kawiya Ccap,Thyolo,-15.3200048,35.3988751,Logger,5.6481,25.631,297.4
4/2/2025,Kawiya Ccap,Thyolo,-15.3200048,35.3988751,Logger,5.6512,25.627,297.1
31/12/2024,Khwalala Primary School,Chikwawa,-15.72544722,35.32192842,Logger,15.271,26.364,1368.7
31/12/2024,Khwalala Primary School,Chikwawa,-15.72544722,35.32192842,Logger,15.248,26.367,1370.5
1/1/2025,Khwalala Primary School,Chikwawa,-15.72544722,35.32192842,Logger,15.2909,26.367,1369.4
1/1/2025,Khwalala Primary School,Chikwawa,-15.72544722,35.32192842,Logger,15.2426,26.369,1369.5
2/1/2025,Khwalala Primary School,Chikwawa,-15.72544722,35.32192842,Logger,15.2685,26.366,1368.9
2/1/2025,Khwalala Primary School,Chikwawa,-15.72544722,35.32192842,Logger,15.253,26.367,1367.9
3/1/2025,Khwalala Primary School,Chikwawa,-15.72544722,35.32192842,Logger,15.2734,26.362,1367.6
3/1/2025,Khwalala Primary School,Chikwawa,-15.72544722,35.32192842,Logger,15.2502,26.369,1368.4
4/1/2025,Khwalala Primary School,Chikwawa,-15.72544722,35.32192842,Logger,15.2453,26.362,1368
4/1/2025,Khwalala Primary School,Chikwawa,-15.72544722,35.32192842,Logger,15.2366,26.366,1369.8
5/1/2025,Khwalala Primary School,Chikwawa,-15.72544722,35.32192842,Logger,15.2893,26.366,1368.6
5/1/2025,Khwalala Primary School,Chikwawa,-15.72544722,35.32192842,Logger,15.2383,26.367,1371.2
6/1/2025,Khwalala Primary School,Chikwawa,-15.72544722,35.32192842,Logger,15.3077,26.362,1369.6
6/1/2025,Khwalala Primary School,Chikwawa,-15.72544722,35.32192842,Logger,15.246,26.367,1370
7/1/2025,Khwalala Primary School,Chikwawa,-15.72544722,35.32192842,Logger,15.3059,26.365,1370.4
7/1/2025,Khwalala Primary School,Chikwawa,-15.72544722,35.32192842,Logger,15.2402,26.366,1368.7
8/1/2025,Khwalala Primary School,Chikwawa,-15.72544722,35.32192842,Logger,15.2547,26.364,1368
8/1/2025,Khwalala Primary School,Chikwawa,-15.72544722,35.32192842,Logger,15.2505,26.366,1366.6
9/1/2025,Khwalala Primary School,Chikwawa,-15.72544722,35.32192842,Logger,15.3049,26.363,1366.7
9/1/2025,Khwalala Primary School,Chikwawa,-15.72544722,35.32192842,Logger,15.2438,26.364,1365.9
10/1/2025,Khwalala Primary School,Chikwawa,-15.72544722,35.32192842,Logger,15.2586,26.365,1365.4
10/1/2025,Khwalala Primary School,Chikwawa,-15.72544722,35.32192842,Logger,15.2463,26.367,1366.2
11/1/2025,Khwalala Primary School,Chikwawa,-15.72544722,35.32192842,Logger,15.2608,26.368,1366.9
11/1/2025,Khwalala Primary School,Chikwawa,-15.72544722,35.32192842,Logger,15.2538,26.362,1363.9
12/1/2025,Khwalala Primary School,Chikwawa,-15.72544722,35.32192842,Logger,15.2693,26.365,1365.1
12/1/2025,Khwalala Primary School,Chikwawa,-15.72544722,35.32192842,Logger,15.2266,26.367,1364.5
13/01/2025,Khwalala Primary School,Chikwawa,-15.72544722,35.32192842,Logger,15.2642,26.364,1364
13/01/2025,Khwalala Primary School,Chikwawa,-15.72544722,35.32192842,Logger,15.2386,26.367,1363.4
14/01/2025,Khwalala Primary School,Chikwawa,-15.72544722,35.32192842,Logger,15.2333,26.365,1360.9
14/01/2025,Khwalala Primary School,Chikwawa,-15.72544722,35.32192842,Logger,15.2494,26.365,1359.5
15/01/2025,Khwalala Primary School,Chikwawa,-15.72544722,35.32192842,Logger,15.2493,26.364,1358.2
15/01/2025,Khwalala Primary School,Chikwawa,-15.72544722,35.32192842,Logger,15.2341,26.361,1358.9
16/01/2025,Khwalala Primary School,Chikwawa,-15.72544722,35.32192842,Logger,15.2496,26.366,1359.2
16/01/2025,Khwalala Primary School,Chikwawa,-15.72544722,35.32192842,Logger,15.2362,26.363,1360.5
17/01/2025,Khwalala Primary School,Chikwawa,-15.72544722,35.32192842,Logger,15.2423,26.362,1361.1
17/01/2025,Khwalala Primary School,Chikwawa,-15.72544722,35.32192842,Logger,15.2342,26.361,1360
18/01/2025,Khwalala Primary School,Chikwawa,-15.72544722,35.32192842,Logger,15.2467,26.364,1362.5
18/01/2025,Khwalala Primary School,Chikwawa,-15.72544722,35.32192842,Logger,15.2112,26.364,1362.6
19/01/2025,Khwalala Primary School,Chikwawa,-15.72544722,35.32192842,Logger,15.2407,26.365,1362.6
19/01/2025,Khwalala Primary School,Chikwawa,-15.72544722,35.32192842,Logger,15.2234,26.362,1364
20/01/2025,Khwalala Primary School,Chikwawa,-15.72544722,35.32192842,Logger,15.2104,26.365,1365.8
20/01/2025,Khwalala Primary School,Chikwawa,-15.72544722,35.32192842,Logger,15.2133,26.365,1365.8
21/01/2025,Khwalala Primary School,Chikwawa,-15.72544722,35.32192842,Logger,15.2491,26.364,1364.4
21/01/2025,Khwalala Primary School,Chikwawa,-15.72544722,35.32192842,Logger,15.2184,26.365,1364.8
22/01/2025,Khwalala Primary School,Chikwawa,-15.72544722,35.32192842,Logger,15.2319,26.363,1366.4
22/01/2025,Khwalala Primary School,Chikwawa,-15.72544722,35.32192842,Logger,15.2026,26.364,1364.7
23/01/2025,Khwalala Primary School,Chikwawa,-15.72544722,35.32192842,Logger,15.2051,26.364,1362.2
23/01/2025,Khwalala Primary School,Chikwawa,-15.72544722,35.32192842,Logger,15.1941,26.365,1365.5
24/01/2025,Khwalala Primary School,Chikwawa,-15.72544722,35.32192842,Logger,15.1974,26.366,1364
24/01/2025,Khwalala Primary School,Chikwawa,-15.72544722,35.32192842,Logger,15.1959,26.364,1362.2
25/01/2025,Khwalala Primary School,Chikwawa,-15.72544722,35.32192842,Logger,15.1747,26.365,1361.7
25/01/2025,Khwalala Primary School,Chikwawa,-15.72544722,35.32192842,Logger,15.1856,26.367,1363.6
26/01/2025,Khwalala Primary School,Chikwawa,-15.72544722,35.32192842,Logger,15.1899,26.363,1363.3
26/01/2025,Khwalala Primary School,Chikwawa,-15.72544722,35.32192842,Logger,15.1844,26.361,1364.1
27/01/2025,Khwalala Primary School,Chikwawa,-15.72544722,35.32192842,Logger,15.2224,26.362,1364.9
27/01/2025,Khwalala Primary School,Chikwawa,-15.72544722,35.32192842,Logger,15.1713,26.364,1363.3
28/01/2025,Khwalala Primary School,Chikwawa,-15.72544722,35.32192842,Logger,15.1776,26.364,1363.4
28/01/2025,Khwalala Primary School,Chikwawa,-15.72544722,35.32192842,Logger,15.1794,26.363,1364.9
29/01/2025,Khwalala Primary School,Chikwawa,-15.72544722,35.32192842,Logger,15.2137,26.363,1366
29/01/2025,Khwalala Primary School,Chikwawa,-15.72544722,35.32192842,Logger,15.189,26.362,1365.5
30/01/2025,Khwalala Primary School,Chikwawa,-15.72544722,35.32192842,Logger,15.1874,26.362,1364.9
30/01/2025,Khwalala Primary School,Chikwawa,-15.72544722,35.32192842,Logger,15.1785,26.362,1364.6
31/01/2025,Khwalala Primary School,Chikwawa,-15.72544722,35.32192842,Logger,15.2305,26.364,1363.1
31/01/2025,Khwalala Primary School,Chikwawa,-15.72544722,35.32192842,Logger,15.1738,26.362,1365.5
1/2/2025,Khwalala Primary School,Chikwawa,-15.72544722,35.32192842,Logger,15.1631,26.362,1365.3
1/2/2025,Khwalala Primary School,Chikwawa,-15.72544722,35.32192842,Logger,15.1647,26.361,1364.7
2/2/2025,Khwalala Primary School,Chikwawa,-15.72544722,35.32192842,Logger,15.1994,26.366,1364.1
2/2/2025,Khwalala Primary School,Chikwawa,-15.72544722,35.32192842,Logger,15.1572,26.362,1366.5
3/2/2025,Khwalala Primary School,Chikwawa,-15.72544722,35.32192842,Logger,15.1794,26.363,1363.9
3/2/2025,Khwalala Primary School,Chikwawa,-15.72544722,35.32192842,Logger,15.1757,26.366,1363.7
4/2/2025,Khwalala Primary School,Chikwawa,-15.72544722,35.32192842,Logger,15.1763,26.363,1364.6
4/2/2025,Khwalala Primary School,Chikwawa,-15.72544722,35.32192842,Logger,15.1644,26.364,1364.7
31/12/2024,Malaka Primary School,Blantyre,-15.4958948,35.04738728,Logger,7.352,26.935,759.9
31/12/2024,Malaka Primary School,Blantyre,-15.4958948,35.04738728,Logger,7.3054,26.935,759.7
1/1/2025,Malaka Primary School,Blantyre,-15.4958948,35.04738728,Logger,7.3657,26.934,760
1/1/2025,Malaka Primary School,Blantyre,-15.4958948,35.04738728,Logger,7.3045,26.934,759.7
2/1/2025,Malaka Primary School,Blantyre,-15.4958948,35.04738728,Logger,7.3516,26.935,760.1
2/1/2025,Malaka Primary School,Blantyre,-15.4958948,35.04738728,Logger,7.2951,26.932,760.1
3/1/2025,Malaka Primary School,Blantyre,-15.4958948,35.04738728,Logger,7.3319,26.932,760
3/1/2025,Malaka Primary School,Blantyre,-15.4958948,35.04738728,Logger,7.2949,26.935,760.1
4/1/2025,Malaka Primary School,Blantyre,-15.4958948,35.04738728,Logger,7.3307,26.931,760.3
4/1/2025,Malaka Primary School,Blantyre,-15.4958948,35.04738728,Logger,7.2963,26.935,760.2
5/1/2025,Malaka Primary School,Blantyre,-15.4958948,35.04738728,Logger,7.3257,26.934,760.3
5/1/2025,Malaka Primary School,Blantyre,-15.4958948,35.04738728,Logger,7.3052,26.934,760.1
6/1/2025,Malaka Primary School,Blantyre,-15.4958948,35.04738728,Logger,7.329,26.935,760.1
6/1/2025,Malaka Primary School,Blantyre,-15.4958948,35.04738728,Logger,7.3127,26.932,760.4
7/1/2025,Malaka Primary School,Blantyre,-15.4958948,35.04738728,Logger,7.3389,26.932,760.4
7/1/2025,Malaka Primary School,Blantyre,-15.4958948,35.04738728,Logger,7.3279,26.934,760.3
8/1/2025,Malaka Primary School,Blantyre,-15.4958948,35.04738728,Logger,7.3523,26.933,760.7
8/1/2025,Malaka Primary School,Blantyre,-15.4958948,35.04738728,Logger,7.3432,26.932,760.4
9/1/2025,Malaka Primary School,Blantyre,-15.4958948,35.04738728,Logger,7.3389,26.932,760.8
9/1/2025,Malaka Primary School,Blantyre,-15.4958948,35.04738728,Logger,7.3216,26.931,760.8
10/1/2025,Malaka Primary School,Blantyre,-15.4958948,35.04738728,Logger,7.3355,26.932,760.6
10/1/2025,Malaka Primary School,Blantyre,-15.4958948,35.04738728,Logger,7.3173,26.931,760.7
11/1/2025,Malaka Primary School,Blantyre,-15.4958948,35.04738728,Logger,7.3534,26.93,760.7
11/1/2025,Malaka Primary School,Blantyre,-15.4958948,35.04738728,Logger,7.3062,26.929,760.5
12/1/2025,Malaka Primary School,Blantyre,-15.4958948,35.04738728,Logger,7.3408,26.933,760.5
12/1/2025,Malaka Primary School,Blantyre,-15.4958948,35.04738728,Logger,7.2946,26.93,760.9
13/01/2025,Malaka Primary School,Blantyre,-15.4958948,35.04738728,Logger,7.3177,26.932,760.6
13/01/2025,Malaka Primary School,Blantyre,-15.4958948,35.04738728,Logger,7.2941,26.929,760.7
14/01/2025,Malaka Primary School,Blantyre,-15.4958948,35.04738728,Logger,7.3123,26.931,760.6
14/01/2025,Malaka Primary School,Blantyre,-15.4958948,35.04738728,Logger,7.2856,26.931,760.5
15/01/2025,Malaka Primary School,Blantyre,-15.4958948,35.04738728,Logger,7.3182,26.932,760.4
15/01/2025,Malaka Primary School,Blantyre,-15.4958948,35.04738728,Logger,7.2784,26.931,760.5
16/01/2025,Malaka Primary School,Blantyre,-15.4958948,35.04738728,Logger,7.3042,26.933,760.4
16/01/2025,Malaka Primary School,Blantyre,-15.4958948,35.04738728,Logger,7.2781,26.932,760.4
17/01/2025,Malaka Primary School,Blantyre,-15.4958948,35.04738728,Logger,7.3021,26.933,760.6
17/01/2025,Malaka Primary School,Blantyre,-15.4958948,35.04738728,Logger,7.2759,26.929,760.6
18/01/2025,Malaka Primary School,Blantyre,-15.4958948,35.04738728,Logger,7.3085,26.929,760.8
18/01/2025,Malaka Primary School,Blantyre,-15.4958948,35.04738728,Logger,7.2696,26.929,760.7
19/01/2025,Malaka Primary School,Blantyre,-15.4958948,35.04738728,Logger,7.2988,26.931,760.8
19/01/2025,Malaka Primary School,Blantyre,-15.4958948,35.04738728,Logger,7.2595,26.93,760.7
20/01/2025,Malaka Primary School,Blantyre,-15.4958948,35.04738728,Logger,7.2704,26.929,760.4
20/01/2025,Malaka Primary School,Blantyre,-15.4958948,35.04738728,Logger,7.2664,26.93,760.6
21/01/2025,Malaka Primary School,Blantyre,-15.4958948,35.04738728,Logger,7.2627,26.931,760.9
21/01/2025,Malaka Primary School,Blantyre,-15.4958948,35.04738728,Logger,7.244,26.929,760.6
22/01/2025,Malaka Primary School,Blantyre,-15.4958948,35.04738728,Logger,7.2436,26.929,760.7
22/01/2025,Malaka Primary School,Blantyre,-15.4958948,35.04738728,Logger,7.2232,26.931,760.7
23/01/2025,Malaka Primary School,Blantyre,-15.4958948,35.04738728,Logger,7.2201,26.928,760.9
23/01/2025,Malaka Primary School,Blantyre,-15.4958948,35.04738728,Logger,7.201,26.928,760.8
24/01/2025,Malaka Primary School,Blantyre,-15.4958948,35.04738728,Logger,7.1951,26.928,760.8
24/01/2025,Malaka Primary School,Blantyre,-15.4958948,35.04738728,Logger,7.1701,26.929,760.6
25/01/2025,Malaka Primary School,Blantyre,-15.4958948,35.04738728,Logger,7.184,26.929,760.9
25/01/2025,Malaka Primary School,Blantyre,-15.4958948,35.04738728,Logger,7.1413,26.93,760.9
26/01/2025,Malaka Primary School,Blantyre,-15.4958948,35.04738728,Logger,7.1551,26.93,760.7
26/01/2025,Malaka Primary School,Blantyre,-15.4958948,35.04738728,Logger,7.1207,26.928,760.8
27/01/2025,Malaka Primary School,Blantyre,-15.4958948,35.04738728,Logger,7.1385,26.926,760.8
27/01/2025,Malaka Primary School,Blantyre,-15.4958948,35.04738728,Logger,7.0937,26.928,760.8
28/01/2025,Malaka Primary School,Blantyre,-15.4958948,35.04738728,Logger,7.1161,26.93,760.9
28/01/2025,Malaka Primary School,Blantyre,-15.4958948,35.04738728,Logger,7.0801,26.928,760.9
29/01/2025,Malaka Primary School,Blantyre,-15.4958948,35.04738728,Logger,7.0955,26.926,760.8
29/01/2025,Malaka Primary School,Blantyre,-15.4958948,35.04738728,Logger,7.0614,26.927,760.8
30/01/2025,Malaka Primary School,Blantyre,-15.4958948,35.04738728,Logger,7.0674,26.929,760.7
30/01/2025,Malaka Primary School,Blantyre,-15.4958948,35.04738728,Logger,7.035,26.93,760.6
31/01/2025,Malaka Primary School,Blantyre,-15.4958948,35.04738728,Logger,7.0427,26.929,760.8
31/01/2025,Malaka Primary School,Blantyre,-15.4958948,35.04738728,Logger,6.9978,26.928,760.7
1/2/2025,Malaka Primary School,Blantyre,-15.4958948,35.04738728,Logger,7.0115,26.929,760.8
1/2/2025,Malaka Primary School,Blantyre,-15.4958948,35.04738728,Logger,6.9743,26.928,760.7
2/2/2025,Malaka Primary School,Blantyre,-15.4958948,35.04738728,Logger,6.9936,26.928,760.7
2/2/2025,Malaka Primary School,Blantyre,-15.4958948,35.04738728,Logger,6.9528,26.928,760.8
3/2/2025,Malaka Primary School,Blantyre,-15.4958948,35.04738728,Logger,6.9481,26.929,760.7
3/2/2025,Malaka Primary School,Blantyre,-15.4958948,35.04738728,Logger,6.9403,26.927,760.7
4/2/2025,Malaka Primary School,Blantyre,-15.4958948,35.04738728,Logger,6.946,26.926,760.8
4/2/2025,Malaka Primary School,Blantyre,-15.4958948,35.04738728,Logger,6.9204,26.926,760.7
5/2/2025,Malaka Primary School,Blantyre,-15.4958948,35.04738728,Logger,6.931,26.929,760.5
5/2/2025,Malaka Primary School,Blantyre,-15.4958948,35.04738728,Logger,6.9124,26.93,760.6
6/2/2025,Malaka Primary School,Blantyre,-15.4958948,35.04738728,Logger,6.9241,26.93,760.7
31/12/2024,Mikalati Primary School,Mulanje,-16.0168375,35.2797201,Logger,6.269,24.938,329.3
31/12/2024,Mikalati Primary School,Mulanje,-16.0168375,35.2797201,Logger,6.2698,24.936,329.3
1/1/2025,Mikalati Primary School,Mulanje,-16.0168375,35.2797201,Logger,6.2867,24.933,329.4
1/1/2025,Mikalati Primary School,Mulanje,-16.0168375,35.2797201,Logger,6.2805,24.936,329.2
2/1/2025,Mikalati Primary School,Mulanje,-16.0168375,35.2797201,Logger,6.2939,24.936,329.3
2/1/2025,Mikalati Primary School,Mulanje,-16.0168375,35.2797201,Logger,6.2933,24.936,329.1
3/1/2025,Mikalati Primary School,Mulanje,-16.0168375,35.2797201,Logger,6.3121,24.937,329.2
3/1/2025,Mikalati Primary School,Mulanje,-16.0168375,35.2797201,Logger,6.2937,24.936,329.4
4/1/2025,Mikalati Primary School,Mulanje,-16.0168375,35.2797201,Logger,6.2722,24.936,329.3
4/1/2025,Mikalati Primary School,Mulanje,-16.0168375,35.2797201,Logger,6.2639,24.935,329.1
5/1/2025,Mikalati Primary School,Mulanje,-16.0168375,35.2797201,Logger,6.2829,24.936,329.4
5/1/2025,Mikalati Primary School,Mulanje,-16.0168375,35.2797201,Logger,6.275,24.934,329.3
6/1/2025,Mikalati Primary School,Mulanje,-16.0168375,35.2797201,Logger,6.292,24.934,329.3
6/1/2025,Mikalati Primary School,Mulanje,-16.0168375,35.2797201,Logger,6.2932,24.932,329.2
7/1/2025,Mikalati Primary School,Mulanje,-16.0168375,35.2797201,Logger,6.3094,24.935,329.2
7/1/2025,Mikalati Primary School,Mulanje,-16.0168375,35.2797201,Logger,6.3013,24.934,329.3
8/1/2025,Mikalati Primary School,Mulanje,-16.0168375,35.2797201,Logger,6.3189,24.934,329.3
8/1/2025,Mikalati Primary School,Mulanje,-16.0168375,35.2797201,Logger,6.3051,24.934,329.9
9/1/2025,Mikalati Primary School,Mulanje,-16.0168375,35.2797201,Logger,6.2863,24.934,330.4
9/1/2025,Mikalati Primary School,Mulanje,-16.0168375,35.2797201,Logger,6.2897,24.932,330.3
10/1/2025,Mikalati Primary School,Mulanje,-16.0168375,35.2797201,Logger,6.2962,24.932,330.6
10/1/2025,Mikalati Primary School,Mulanje,-16.0168375,35.2797201,Logger,6.2901,24.933,330.4
11/1/2025,Mikalati Primary School,Mulanje,-16.0168375,35.2797201,Logger,6.2963,24.93,330.2
11/1/2025,Mikalati Primary School,Mulanje,-16.0168375,35.2797201,Logger,6.3003,24.931,330.4
12/1/2025,Mikalati Primary School,Mulanje,-16.0168375,35.2797201,Logger,6.3151,24.93,330.5
12/1/2025,Mikalati Primary School,Mulanje,-16.0168375,35.2797201,Logger,6.3106,24.933,330.5
13/01/2025,Mikalati Primary School,Mulanje,-16.0168375,35.2797201,Logger,6.3294,24.931,330.5
13/01/2025,Mikalati Primary School,Mulanje,-16.0168375,35.2797201,Logger,6.3263,24.933,330.6
14/01/2025,Mikalati Primary School,Mulanje,-16.0168375,35.2797201,Logger,6.3311,24.931,330.5
14/01/2025,Mikalati Primary School,Mulanje,-16.0168375,35.2797201,Logger,6.3308,24.931,330.5
15/01/2025,Mikalati Primary School,Mulanje,-16.0168375,35.2797201,Logger,6.349,24.932,330.4
15/01/2025,Mikalati Primary School,Mulanje,-16.0168375,35.2797201,Logger,6.339,24.932,330.5
16/01/2025,Mikalati Primary School,Mulanje,-16.0168375,35.2797201,Logger,6.351,24.933,330.6
16/01/2025,Mikalati Primary School,Mulanje,-16.0168375,35.2797201,Logger,6.3402,24.931,330.4
17/01/2025,Mikalati Primary School,Mulanje,-16.0168375,35.2797201,Logger,6.3545,24.931,330.4
17/01/2025,Mikalati Primary School,Mulanje,-16.0168375,35.2797201,Logger,6.3392,24.931,330.3
18/01/2025,Mikalati Primary School,Mulanje,-16.0168375,35.2797201,Logger,6.3571,24.931,330.3
18/01/2025,Mikalati Primary School,Mulanje,-16.0168375,35.2797201,Logger,6.344,24.929,330.2
19/01/2025,Mikalati Primary School,Mulanje,-16.0168375,35.2797201,Logger,6.3592,24.93,330.3
19/01/2025,Mikalati Primary School,Mulanje,-16.0168375,35.2797201,Logger,6.3521,24.928,330.3
20/01/2025,Mikalati Primary School,Mulanje,-16.0168375,35.2797201,Logger,6.0943,24.926,334.5
20/01/2025,Mikalati Primary School,Mulanje,-16.0168375,35.2797201,Logger,6.0333,24.922,334.4
21/01/2025,Mikalati Primary School,Mulanje,-16.0168375,35.2797201,Logger,5.7855,24.925,333.4
21/01/2025,Mikalati Primary School,Mulanje,-16.0168375,35.2797201,Logger,5.6306,24.925,333.4
22/01/2025,Mikalati Primary School,Mulanje,-16.0168375,35.2797201,Logger,5.6338,24.924,330
22/01/2025,Mikalati Primary School,Mulanje,-16.0168375,35.2797201,Logger,5.6237,24.925,329.8
23/01/2025,Mikalati Primary School,Mulanje,-16.0168375,35.2797201,Logger,5.5816,24.924,329.9
23/01/2025,Mikalati Primary School,Mulanje,-16.0168375,35.2797201,Logger,5.5626,24.924,329.9
24/01/2025,Mikalati Primary School,Mulanje,-16.0168375,35.2797201,Logger,5.5718,24.925,330
24/01/2025,Mikalati Primary School,Mulanje,-16.0168375,35.2797201,Logger,5.3646,24.92,330
25/01/2025,Mikalati Primary School,Mulanje,-16.0168375,35.2797201,Logger,5.3497,24.921,329.9
25/01/2025,Mikalati Primary School,Mulanje,-16.0168375,35.2797201,Logger,5.2442,24.917,330.2
26/01/2025,Mikalati Primary School,Mulanje,-16.0168375,35.2797201,Logger,5.1907,24.918,330.2
26/01/2025,Mikalati Primary School,Mulanje,-16.0168375,35.2797201,Logger,5.1367,24.918,330.3
27/01/2025,Mikalati Primary School,Mulanje,-16.0168375,35.2797201,Logger,5.1749,24.922,330.6
27/01/2025,Mikalati Primary School,Mulanje,-16.0168375,35.2797201,Logger,5.1836,24.919,330.5
28/01/2025,Mikalati Primary School,Mulanje,-16.0168375,35.2797201,Logger,5.2218,24.923,330.5
28/01/2025,Mikalati Primary School,Mulanje,-16.0168375,35.2797201,Logger,5.237,24.923,330.6
29/01/2025,Mikalati Primary School,Mulanje,-16.0168375,35.2797201,Logger,5.2212,24.924,330.4
29/01/2025,Mikalati Primary School,Mulanje,-16.0168375,35.2797201,Logger,5.1636,24.922,330.4
30/01/2025,Mikalati Primary School,Mulanje,-16.0168375,35.2797201,Logger,5.1791,24.922,330.6
30/01/2025,Mikalati Primary School,Mulanje,-16.0168375,35.2797201,Logger,5.1766,24.924,330.5
31/01/2025,Mikalati Primary School,Mulanje,-16.0168375,35.2797201,Logger,5.2091,24.923,330.5
31/01/2025,Mikalati Primary School,Mulanje,-16.0168375,35.2797201,Logger,5.2162,24.923,330.7
1/2/2025,Mikalati Primary School,Mulanje,-16.0168375,35.2797201,Logger,5.2511,24.923,330.5
1/2/2025,Mikalati Primary School,Mulanje,-16.0168375,35.2797201,Logger,5.2574,24.924,330.5
2/2/2025,Mikalati Primary School,Mulanje,-16.0168375,35.2797201,Logger,5.295,24.924,330.5
2/2/2025,Mikalati Primary School,Mulanje,-16.0168375,35.2797201,Logger,5.2925,24.924,330.3
3/2/2025,Mikalati Primary School,Mulanje,-16.0168375,35.2797201,Logger,5.3316,24.923,330.1
3/2/2025,Mikalati Primary School,Mulanje,-16.0168375,35.2797201,Logger,5.3375,24.926,330.1
4/2/2025,Mikalati Primary School,Mulanje,-16.0168375,35.2797201,Logger,5.3457,24.925,330
4/2/2025,Mikalati Primary School,Mulanje,-16.0168375,35.2797201,Logger,5.2787,24.924,330.1
5/2/2025,Mikalati Primary School,Mulanje,-16.0168375,35.2797201,Logger,5.2377,24.924,329.9
31/12/2024,Mmanga Cdss,Chikwawa,-15.0456152,35.1841628,Logger,11.69,28.262,918.8
31/12/2024,Mmanga Cdss,Chikwawa,-15.0456152,35.1841628,Logger,11.4056,28.261,916.2
1/1/2025,Mmanga Cdss,Chikwawa,-15.0456152,35.1841628,Logger,11.4836,28.263,918.8
1/1/2025,Mmanga Cdss,Chikwawa,-15.0456152,35.1841628,Logger,11.3983,28.258,917.9
2/1/2025,Mmanga Cdss,Chikwawa,-15.0456152,35.1841628,Logger,11.5481,28.264,918.1
2/1/2025,Mmanga Cdss,Chikwawa,-15.0456152,35.1841628,Logger,11.2688,28.259,917.8
3/1/2025,Mmanga Cdss,Chikwawa,-15.0456152,35.1841628,Logger,11.4165,28.263,918.1
3/1/2025,Mmanga Cdss,Chikwawa,-15.0456152,35.1841628,Logger,11.2208,28.259,918.2
4/1/2025,Mmanga Cdss,Chikwawa,-15.0456152,35.1841628,Logger,11.4025,28.263,918.4
4/1/2025,Mmanga Cdss,Chikwawa,-15.0456152,35.1841628,Logger,11.1037,28.259,916.9
5/1/2025,Mmanga Cdss,Chikwawa,-15.0456152,35.1841628,Logger,11.3247,28.261,918
5/1/2025,Mmanga Cdss,Chikwawa,-15.0456152,35.1841628,Logger,11.1022,28.259,916.9
6/1/2025,Mmanga Cdss,Chikwawa,-15.0456152,35.1841628,Logger,11.1547,28.263,916.5
6/1/2025,Mmanga Cdss,Chikwawa,-15.0456152,35.1841628,Logger,10.9828,28.257,917.6
7/1/2025,Mmanga Cdss,Chikwawa,-15.0456152,35.1841628,Logger,11.1774,28.26,917.1
7/1/2025,Mmanga Cdss,Chikwawa,-15.0456152,35.1841628,Logger,10.9808,28.256,917.5
8/1/2025,Mmanga Cdss,Chikwawa,-15.0456152,35.1841628,Logger,11.1384,28.261,917.8
8/1/2025,Mmanga Cdss,Chikwawa,-15.0456152,35.1841628,Logger,10.9939,28.259,918.4
9/1/2025,Mmanga Cdss,Chikwawa,-15.0456152,35.1841628,Logger,11.1319,28.26,917.5
9/1/2025,Mmanga Cdss,Chikwawa,-15.0456152,35.1841628,Logger,10.929,28.258,918.1
10/1/2025,Mmanga Cdss,Chikwawa,-15.0456152,35.1841628,Logger,10.7696,28.258,916.5
10/1/2025,Mmanga Cdss,Chikwawa,-15.0456152,35.1841628,Logger,10.8815,28.258,917.5
11/1/2025,Mmanga Cdss,Chikwawa,-15.0456152,35.1841628,Logger,10.9979,28.26,917.5
11/1/2025,Mmanga Cdss,Chikwawa,-15.0456152,35.1841628,Logger,10.793,28.256,916.3
12/1/2025,Mmanga Cdss,Chikwawa,-15.0456152,35.1841628,Logger,10.976,28.261,916.8
12/1/2025,Mmanga Cdss,Chikwawa,-15.0456152,35.1841628,Logger,10.7581,28.254,916.7
13/01/2025,Mmanga Cdss,Chikwawa,-15.0456152,35.1841628,Logger,10.8963,28.259,916.9
13/01/2025,Mmanga Cdss,Chikwawa,-15.0456152,35.1841628,Logger,10.7331,28.255,915.7
14/01/2025,Mmanga Cdss,Chikwawa,-15.0456152,35.1841628,Logger,10.8853,28.261,916.7
14/01/2025,Mmanga Cdss,Chikwawa,-15.0456152,35.1841628,Logger,10.7297,28.257,917.1
15/01/2025,Mmanga Cdss,Chikwawa,-15.0456152,35.1841628,Logger,10.8706,28.258,918.1
15/01/2025,Mmanga Cdss,Chikwawa,-15.0456152,35.1841628,Logger,10.6489,28.255,916.9
16/01/2025,Mmanga Cdss,Chikwawa,-15.0456152,35.1841628,Logger,10.8608,28.261,915.9
16/01/2025,Mmanga Cdss,Chikwawa,-15.0456152,35.1841628,Logger,10.635,28.255,917.1
17/01/2025,Mmanga Cdss,Chikwawa,-15.0456152,35.1841628,Logger,10.7352,28.257,917.3
17/01/2025,Mmanga Cdss,Chikwawa,-15.0456152,35.1841628,Logger,10.6365,28.253,915
18/01/2025,Mmanga Cdss,Chikwawa,-15.0456152,35.1841628,Logger,10.7294,28.26,916.1
18/01/2025,Mmanga Cdss,Chikwawa,-15.0456152,35.1841628,Logger,10.5106,28.254,915.8
19/01/2025,Mmanga Cdss,Chikwawa,-15.0456152,35.1841628,Logger,10.7071,28.258,916.5
19/01/2025,Mmanga Cdss,Chikwawa,-15.0456152,35.1841628,Logger,10.4953,28.256,916.6
20/01/2025,Mmanga Cdss,Chikwawa,-15.0456152,35.1841628,Logger,10.608,28.258,916.4
20/01/2025,Mmanga Cdss,Chikwawa,-15.0456152,35.1841628,Logger,10.4687,28.256,916.6
21/01/2025,Mmanga Cdss,Chikwawa,-15.0456152,35.1841628,Logger,10.4155,28.257,917.1
21/01/2025,Mmanga Cdss,Chikwawa,-15.0456152,35.1841628,Logger,10.4306,28.253,916.3
22/01/2025,Mmanga Cdss,Chikwawa,-15.0456152,35.1841628,Logger,10.5134,28.257,916.9
22/01/2025,Mmanga Cdss,Chikwawa,-15.0456152,35.1841628,Logger,10.4021,28.254,915.6
23/01/2025,Mmanga Cdss,Chikwawa,-15.0456152,35.1841628,Logger,10.4686,28.257,915.4
23/01/2025,Mmanga Cdss,Chikwawa,-15.0456152,35.1841628,Logger,10.3751,28.252,916
24/01/2025,Mmanga Cdss,Chikwawa,-15.0456152,35.1841628,Logger,10.4534,28.256,916.5
24/01/2025,Mmanga Cdss,Chikwawa,-15.0456152,35.1841628,Logger,10.4698,28.254,916.1
25/01/2025,Mmanga Cdss,Chikwawa,-15.0456152,35.1841628,Logger,10.5696,28.256,916.5
25/01/2025,Mmanga Cdss,Chikwawa,-15.0456152,35.1841628,Logger,10.399,28.252,915.8
26/01/2025,Mmanga Cdss,Chikwawa,-15.0456152,35.1841628,Logger,10.5069,28.256,916.4
26/01/2025,Mmanga Cdss,Chikwawa,-15.0456152,35.1841628,Logger,10.3762,28.253,915.8
27/01/2025,Mmanga Cdss,Chikwawa,-15.0456152,35.1841628,Logger,10.5306,28.257,915.9
27/01/2025,Mmanga Cdss,Chikwawa,-15.0456152,35.1841628,Logger,10.333,28.252,915.9
28/01/2025,Mmanga Cdss,Chikwawa,-15.0456152,35.1841628,Logger,10.5011,28.258,916.2
28/01/2025,Mmanga Cdss,Chikwawa,-15.0456152,35.1841628,Logger,10.2863,28.252,915
29/01/2025,Mmanga Cdss,Chikwawa,-15.0456152,35.1841628,Logger,10.38,28.256,916.2
29/01/2025,Mmanga Cdss,Chikwawa,-15.0456152,35.1841628,Logger,10.1975,28.253,915.6
30/01/2025,Mmanga Cdss,Chikwawa,-15.0456152,35.1841628,Logger,10.2933,28.257,915.4
30/01/2025,Mmanga Cdss,Chikwawa,-15.0456152,35.1841628,Logger,10.1948,28.251,915.5
31/01/2025,Mmanga Cdss,Chikwawa,-15.0456152,35.1841628,Logger,10.354,28.257,914.9
31/01/2025,Mmanga Cdss,Chikwawa,-15.0456152,35.1841628,Logger,10.1015,28.25,916.4
1/2/2025,Mmanga Cdss,Chikwawa,-15.0456152,35.1841628,Logger,10.2734,28.255,916.2
1/2/2025,Mmanga Cdss,Chikwawa,-15.0456152,35.1841628,Logger,10.1416,28.253,916.2
2/2/2025,Mmanga Cdss,Chikwawa,-15.0456152,35.1841628,Logger,10.2814,28.254,915.7
2/2/2025,Mmanga Cdss,Chikwawa,-15.0456152,35.1841628,Logger,10.1287,28.251,915.7
3/2/2025,Mmanga Cdss,Chikwawa,-15.0456152,35.1841628,Logger,9.9659,28.254,915.7
3/2/2025,Mmanga Cdss,Chikwawa,-15.0456152,35.1841628,Logger,10.0761,28.251,916.5
4/2/2025,Mmanga Cdss,Chikwawa,-15.0456152,35.1841628,Logger,10.2028,28.256,916.5
4/2/2025,Mmanga Cdss,Chikwawa,-15.0456152,35.1841628,Logger,9.997,28.251,916
5/2/2025,Mmanga Cdss,Chikwawa,-15.0456152,35.1841628,Logger,10.114,28.256,915.1
5/2/2025,Mmanga Cdss,Chikwawa,-15.0456152,35.1841628,Logger,10.053,28.251,914.8
6/2/2025,Mmanga Cdss,Chikwawa,-15.0456152,35.1841628,Logger,10.1998,28.254,915.9
31/12/2024,Mokhoto Primary School,Phalombe,-15.18922812,34.82364619,Logger,22.066,28.232,1248
31/12/2024,Mokhoto Primary School,Phalombe,-15.18922812,34.82364619,Logger,22.0398,28.23,1245.9
1/1/2025,Mokhoto Primary School,Phalombe,-15.18922812,34.82364619,Logger,22.0551,28.235,1249.3
1/1/2025,Mokhoto Primary School,Phalombe,-15.18922812,34.82364619,Logger,22.0362,28.233,1256
2/1/2025,Mokhoto Primary School,Phalombe,-15.18922812,34.82364619,Logger,22.0482,28.228,1246.7
2/1/2025,Mokhoto Primary School,Phalombe,-15.18922812,34.82364619,Logger,22.0462,28.234,1251.3
3/1/2025,Mokhoto Primary School,Phalombe,-15.18922812,34.82364619,Logger,22.0535,28.235,1252.2
3/1/2025,Mokhoto Primary School,Phalombe,-15.18922812,34.82364619,Logger,22.0389,28.231,1251.5
4/1/2025,Mokhoto Primary School,Phalombe,-15.18922812,34.82364619,Logger,22.0499,28.235,1250.4
4/1/2025,Mokhoto Primary School,Phalombe,-15.18922812,34.82364619,Logger,22.0357,28.232,1256.4
5/1/2025,Mokhoto Primary School,Phalombe,-15.18922812,34.82364619,Logger,22.0468,28.234,1253.7
5/1/2025,Mokhoto Primary School,Phalombe,-15.18922812,34.82364619,Logger,22.0287,28.235,1250.4
6/1/2025,Mokhoto Primary School,Phalombe,-15.18922812,34.82364619,Logger,22.0646,28.233,1251.2
6/1/2025,Mokhoto Primary School,Phalombe,-15.18922812,34.82364619,Logger,22.0474,28.231,1253.1
7/1/2025,Mokhoto Primary School,Phalombe,-15.18922812,34.82364619,Logger,22.0632,28.231,1253.7
7/1/2025,Mokhoto Primary School,Phalombe,-15.18922812,34.82364619,Logger,22.0369,28.232,1246.8
8/1/2025,Mokhoto Primary School,Phalombe,-15.18922812,34.82364619,Logger,22.0627,28.234,1247.5
8/1/2025,Mokhoto Primary School,Phalombe,-15.18922812,34.82364619,Logger,22.0551,28.232,1255.4
9/1/2025,Mokhoto Primary School,Phalombe,-15.18922812,34.82364619,Logger,22.0588,28.231,1247.1
9/1/2025,Mokhoto Primary School,Phalombe,-15.18922812,34.82364619,Logger,22.052,28.23,1248.2
10/1/2025,Mokhoto Primary School,Phalombe,-15.18922812,34.82364619,Logger,22.0733,28.233,1242.2
10/1/2025,Mokhoto Primary School,Phalombe,-15.18922812,34.82364619,Logger,22.0554,28.228,1244.8
11/1/2025,Mokhoto Primary School,Phalombe,-15.18922812,34.82364619,Logger,22.0752,28.231,1241.7
11/1/2025,Mokhoto Primary School,Phalombe,-15.18922812,34.82364619,Logger,22.0489,28.233,1239.1
12/1/2025,Mokhoto Primary School,Phalombe,-15.18922812,34.82364619,Logger,22.0664,28.232,1240.1
12/1/2025,Mokhoto Primary School,Phalombe,-15.18922812,34.82364619,Logger,22.0241,28.23,1233.3
13/01/2025,Mokhoto Primary School,Phalombe,-15.18922812,34.82364619,Logger,22.0435,28.231,1236.1
13/01/2025,Mokhoto Primary School,Phalombe,-15.18922812,34.82364619,Logger,22.0432,28.231,1247.1
14/01/2025,Mokhoto Primary School,Phalombe,-15.18922812,34.82364619,Logger,22.0559,28.231,1241.3
14/01/2025,Mokhoto Primary School,Phalombe,-15.18922812,34.82364619,Logger,22.04,28.23,1243.4
15/01/2025,Mokhoto Primary School,Phalombe,-15.18922812,34.82364619,Logger,22.0524,28.23,1238.9
15/01/2025,Mokhoto Primary School,Phalombe,-15.18922812,34.82364619,Logger,22.0468,28.233,1240.8
16/01/2025,Mokhoto Primary School,Phalombe,-15.18922812,34.82364619,Logger,22.0883,28.23,1243.8
16/01/2025,Mokhoto Primary School,Phalombe,-15.18922812,34.82364619,Logger,22.0617,28.229,1242.9
17/01/2025,Mokhoto Primary School,Phalombe,-15.18922812,34.82364619,Logger,22.0748,28.232,1235.7
17/01/2025,Mokhoto Primary School,Phalombe,-15.18922812,34.82364619,Logger,22.0595,28.23,1237
18/01/2025,Mokhoto Primary School,Phalombe,-15.18922812,34.82364619,Logger,22.0627,28.232,1240
18/01/2025,Mokhoto Primary School,Phalombe,-15.18922812,34.82364619,Logger,22.0453,28.231,1231.4
19/01/2025,Mokhoto Primary School,Phalombe,-15.18922812,34.82364619,Logger,22.0726,28.231,1238.6
19/01/2025,Mokhoto Primary School,Phalombe,-15.18922812,34.82364619,Logger,22.0511,28.23,1228.1
20/01/2025,Mokhoto Primary School,Phalombe,-15.18922812,34.82364619,Logger,22.0445,28.23,1222.8
20/01/2025,Mokhoto Primary School,Phalombe,-15.18922812,34.82364619,Logger,22.0343,28.231,1222.8
21/01/2025,Mokhoto Primary School,Phalombe,-15.18922812,34.82364619,Logger,22.0537,28.231,1223.3
21/01/2025,Mokhoto Primary School,Phalombe,-15.18922812,34.82364619,Logger,22.0389,28.231,1221.5
22/01/2025,Mokhoto Primary School,Phalombe,-15.18922812,34.82364619,Logger,22.0513,28.232,1218.8
22/01/2025,Mokhoto Primary School,Phalombe,-15.18922812,34.82364619,Logger,22.0296,28.231,1220.4
23/01/2025,Mokhoto Primary School,Phalombe,-15.18922812,34.82364619,Logger,22.035,28.231,1217.4
23/01/2025,Mokhoto Primary School,Phalombe,-15.18922812,34.82364619,Logger,22.0083,28.228,1214.2
24/01/2025,Mokhoto Primary School,Phalombe,-15.18922812,34.82364619,Logger,22.0212,28.235,1215
24/01/2025,Mokhoto Primary School,Phalombe,-15.18922812,34.82364619,Logger,22.0133,28.23,1215.3
25/01/2025,Mokhoto Primary School,Phalombe,-15.18922812,34.82364619,Logger,22.0078,28.229,1207.8
25/01/2025,Mokhoto Primary School,Phalombe,-15.18922812,34.82364619,Logger,22.0065,28.231,1208.7
26/01/2025,Mokhoto Primary School,Phalombe,-15.18922812,34.82364619,Logger,22.0105,28.227,1200.3
26/01/2025,Mokhoto Primary School,Phalombe,-15.18922812,34.82364619,Logger,21.9951,28.231,1201.2
27/01/2025,Mokhoto Primary School,Phalombe,-15.18922812,34.82364619,Logger,22.0201,28.233,1199.3
27/01/2025,Mokhoto Primary School,Phalombe,-15.18922812,34.82364619,Logger,21.9915,28.226,1196.3
28/01/2025,Mokhoto Primary School,Phalombe,-15.18922812,34.82364619,Logger,22.0072,28.231,1192.4
28/01/2025,Mokhoto Primary School,Phalombe,-15.18922812,34.82364619,Logger,21.9602,28.229,1189.8
29/01/2025,Mokhoto Primary School,Phalombe,-15.18922812,34.82364619,Logger,21.9349,28.232,1173.7
29/01/2025,Mokhoto Primary School,Phalombe,-15.18922812,34.82364619,Logger,21.9165,28.23,1157.9
30/01/2025,Mokhoto Primary School,Phalombe,-15.18922812,34.82364619,Logger,21.9258,28.229,1151.8
30/01/2025,Mokhoto Primary School,Phalombe,-15.18922812,34.82364619,Logger,21.8885,28.229,1144.9
31/01/2025,Mokhoto Primary School,Phalombe,-15.18922812,34.82364619,Logger,21.8907,28.23,1141.3
31/01/2025,Mokhoto Primary School,Phalombe,-15.18922812,34.82364619,Logger,21.8618,28.227,1134.2
1/2/2025,Mokhoto Primary School,Phalombe,-15.18922812,34.82364619,Logger,21.8651,28.228,1121.5
1/2/2025,Mokhoto Primary School,Phalombe,-15.18922812,34.82364619,Logger,21.8439,28.23,1113.8
2/2/2025,Mokhoto Primary School,Phalombe,-15.18922812,34.82364619,Logger,21.8494,28.227,1102.9
2/2/2025,Mokhoto Primary School,Phalombe,-15.18922812,34.82364619,Logger,21.8226,28.231,1094.7
3/2/2025,Mokhoto Primary School,Phalombe,-15.18922812,34.82364619,Logger,21.8459,28.232,1090.4
3/2/2025,Mokhoto Primary School,Phalombe,-15.18922812,34.82364619,Logger,21.822,28.231,1083.5
4/2/2025,Mokhoto Primary School,Phalombe,-15.18922812,34.82364619,Logger,21.8355,28.233,1078.7
4/2/2025,Mokhoto Primary School,Phalombe,-15.18922812,34.82364619,Logger,21.8061,28.233,1074.4
5/2/2025,Mokhoto Primary School,Phalombe,-15.18922812,34.82364619,Logger,21.8084,28.231,1069.5
5/2/2025,Mokhoto Primary School,Phalombe,-15.18922812,34.82364619,Logger,21.7805,28.229,1065.8
6/2/2025,Mokhoto Primary School,Phalombe,-15.18922812,34.82364619,Logger,21.7841,28.232,1061.8
6/2/2025,Mokhoto Primary School,Phalombe,-15.18922812,34.82364619,Logger,21.7741,28.233,1060.3
31/12/2024,Mpatseabwire,Chikwawa,-15.7062856,34.7364662,Logger,24.42,29.844,911.6
31/12/2024,Mpatseabwire,Chikwawa,-15.7062856,34.7364662,Logger,24.3514,29.846,912.3
1/1/2025,Mpatseabwire,Chikwawa,-15.7062856,34.7364662,Logger,24.4012,29.846,911.7
1/1/2025,Mpatseabwire,Chikwawa,-15.7062856,34.7364662,Logger,24.3484,29.844,912
2/1/2025,Mpatseabwire,Chikwawa,-15.7062856,34.7364662,Logger,24.3809,29.844,912.3
2/1/2025,Mpatseabwire,Chikwawa,-15.7062856,34.7364662,Logger,24.3545,29.844,912.5
3/1/2025,Mpatseabwire,Chikwawa,-15.7062856,34.7364662,Logger,24.3783,29.842,911.4
3/1/2025,Mpatseabwire,Chikwawa,-15.7062856,34.7364662,Logger,24.3554,29.844,912.3
4/1/2025,Mpatseabwire,Chikwawa,-15.7062856,34.7364662,Logger,24.3732,29.844,912.3
4/1/2025,Mpatseabwire,Chikwawa,-15.7062856,34.7364662,Logger,24.3605,29.842,911.3
5/1/2025,Mpatseabwire,Chikwawa,-15.7062856,34.7364662,Logger,24.3795,29.842,911.6
5/1/2025,Mpatseabwire,Chikwawa,-15.7062856,34.7364662,Logger,24.3717,29.841,911.5
6/1/2025,Mpatseabwire,Chikwawa,-15.7062856,34.7364662,Logger,24.4081,29.84,912.5
6/1/2025,Mpatseabwire,Chikwawa,-15.7062856,34.7364662,Logger,24.4051,29.839,912.3
7/1/2025,Mpatseabwire,Chikwawa,-15.7062856,34.7364662,Logger,24.4467,29.841,911.7
7/1/2025,Mpatseabwire,Chikwawa,-15.7062856,34.7364662,Logger,24.4251,29.839,912.1
8/1/2025,Mpatseabwire,Chikwawa,-15.7062856,34.7364662,Logger,24.4813,29.84,912.2
8/1/2025,Mpatseabwire,Chikwawa,-15.7062856,34.7364662,Logger,24.4517,29.84,912.4
9/1/2025,Mpatseabwire,Chikwawa,-15.7062856,34.7364662,Logger,24.5094,29.838,912.3
9/1/2025,Mpatseabwire,Chikwawa,-15.7062856,34.7364662,Logger,24.4681,29.84,910.8
10/1/2025,Mpatseabwire,Chikwawa,-15.7062856,34.7364662,Logger,24.5474,29.838,911.9
10/1/2025,Mpatseabwire,Chikwawa,-15.7062856,34.7364662,Logger,24.4872,29.84,911.7
11/1/2025,Mpatseabwire,Chikwawa,-15.7062856,34.7364662,Logger,24.5711,29.838,912.3
11/1/2025,Mpatseabwire,Chikwawa,-15.7062856,34.7364662,Logger,24.4931,29.838,911.8
12/1/2025,Mpatseabwire,Chikwawa,-15.7062856,34.7364662,Logger,24.5642,29.836,911.1
12/1/2025,Mpatseabwire,Chikwawa,-15.7062856,34.7364662,Logger,24.4775,29.837,912.1
13/01/2025,Mpatseabwire,Chikwawa,-15.7062856,34.7364662,Logger,24.5422,29.836,911.6
13/01/2025,Mpatseabwire,Chikwawa,-15.7062856,34.7364662,Logger,24.4744,29.838,912.3
14/01/2025,Mpatseabwire,Chikwawa,-15.7062856,34.7364662,Logger,24.5195,29.835,912.5
14/01/2025,Mpatseabwire,Chikwawa,-15.7062856,34.7364662,Logger,24.4674,29.836,911.9
15/01/2025,Mpatseabwire,Chikwawa,-15.7062856,34.7364662,Logger,24.5075,29.838,912.5
15/01/2025,Mpatseabwire,Chikwawa,-15.7062856,34.7364662,Logger,24.4688,29.835,912.3
16/01/2025,Mpatseabwire,Chikwawa,-15.7062856,34.7364662,Logger,24.5058,29.835,911.8
16/01/2025,Mpatseabwire,Chikwawa,-15.7062856,34.7364662,Logger,24.4693,29.833,912.4
17/01/2025,Mpatseabwire,Chikwawa,-15.7062856,34.7364662,Logger,24.5024,29.833,912.5
17/01/2025,Mpatseabwire,Chikwawa,-15.7062856,34.7364662,Logger,24.4845,29.835,911.7
18/01/2025,Mpatseabwire,Chikwawa,-15.7062856,34.7364662,Logger,24.5027,29.833,912
18/01/2025,Mpatseabwire,Chikwawa,-15.7062856,34.7364662,Logger,24.4866,29.837,912.6
19/01/2025,Mpatseabwire,Chikwawa,-15.7062856,34.7364662,Logger,24.5078,29.832,911.9
19/01/2025,Mpatseabwire,Chikwawa,-15.7062856,34.7364662,Logger,24.4816,29.832,911.6
20/01/2025,Mpatseabwire,Chikwawa,-15.7062856,34.7364662,Logger,24.497,29.833,912
20/01/2025,Mpatseabwire,Chikwawa,-15.7062856,34.7364662,Logger,24.4977,29.835,912.5
21/01/2025,Mpatseabwire,Chikwawa,-15.7062856,34.7364662,Logger,24.5249,29.835,912.7
21/01/2025,Mpatseabwire,Chikwawa,-15.7062856,34.7364662,Logger,24.5148,29.831,912.3
22/01/2025,Mpatseabwire,Chikwawa,-15.7062856,34.7364662,Logger,24.5494,29.831,911.1
22/01/2025,Mpatseabwire,Chikwawa,-15.7062856,34.7364662,Logger,24.5263,29.834,911.4
23/01/2025,Mpatseabwire,Chikwawa,-15.7062856,34.7364662,Logger,24.5625,29.831,911.5
23/01/2025,Mpatseabwire,Chikwawa,-15.7062856,34.7364662,Logger,24.5174,29.831,912.1
24/01/2025,Mpatseabwire,Chikwawa,-15.7062856,34.7364662,Logger,24.5678,29.831,912.5
24/01/2025,Mpatseabwire,Chikwawa,-15.7062856,34.7364662,Logger,24.53,29.83,912.6
25/01/2025,Mpatseabwire,Chikwawa,-15.7062856,34.7364662,Logger,24.5884,29.831,912.3
25/01/2025,Mpatseabwire,Chikwawa,-15.7062856,34.7364662,Logger,24.5327,29.829,912.4
26/01/2025,Mpatseabwire,Chikwawa,-15.7062856,34.7364662,Logger,24.6022,29.83,911.9
26/01/2025,Mpatseabwire,Chikwawa,-15.7062856,34.7364662,Logger,24.5402,29.829,912
27/01/2025,Mpatseabwire,Chikwawa,-15.7062856,34.7364662,Logger,24.6119,29.83,912
27/01/2025,Mpatseabwire,Chikwawa,-15.7062856,34.7364662,Logger,24.5369,29.831,912.4
28/01/2025,Mpatseabwire,Chikwawa,-15.7062856,34.7364662,Logger,24.596,29.83,912.4
28/01/2025,Mpatseabwire,Chikwawa,-15.7062856,34.7364662,Logger,24.5319,29.83,912.5
29/01/2025,Mpatseabwire,Chikwawa,-15.7062856,34.7364662,Logger,24.5699,29.83,912.5
29/01/2025,Mpatseabwire,Chikwawa,-15.7062856,34.7364662,Logger,24.5162,29.827,912.5
30/01/2025,Mpatseabwire,Chikwawa,-15.7062856,34.7364662,Logger,24.5426,29.829,911.7
30/01/2025,Mpatseabwire,Chikwawa,-15.7062856,34.7364662,Logger,24.4992,29.825,912.6
31/01/2025,Mpatseabwire,Chikwawa,-15.7062856,34.7364662,Logger,24.5121,29.827,912.7
31/01/2025,Mpatseabwire,Chikwawa,-15.7062856,34.7364662,Logger,24.4709,29.827,912.3
1/2/2025,Mpatseabwire,Chikwawa,-15.7062856,34.7364662,Logger,24.4788,29.827,912.2
1/2/2025,Mpatseabwire,Chikwawa,-15.7062856,34.7364662,Logger,24.4563,29.825,912.6
2/2/2025,Mpatseabwire,Chikwawa,-15.7062856,34.7364662,Logger,24.4597,29.827,911.4
2/2/2025,Mpatseabwire,Chikwawa,-15.7062856,34.7364662,Logger,24.4404,29.826,912.3
3/2/2025,Mpatseabwire,Chikwawa,-15.7062856,34.7364662,Logger,24.4539,29.825,912.6
3/2/2025,Mpatseabwire,Chikwawa,-15.7062856,34.7364662,Logger,24.4481,29.824,912.5
4/2/2025,Mpatseabwire,Chikwawa,-15.7062856,34.7364662,Logger,24.4644,29.827,911.6
4/2/2025,Mpatseabwire,Chikwawa,-15.7062856,34.7364662,Logger,24.4452,29.826,911.4
5/2/2025,Mpatseabwire,Chikwawa,-15.7062856,34.7364662,Logger,24.4781,29.824,912.4
5/2/2025,Mpatseabwire,Chikwawa,-15.7062856,34.7364662,Logger,24.444,29.825,912.4
6/2/2025,Mpatseabwire,Chikwawa,-15.7062856,34.7364662,Logger,24.4922,29.825,912
6/2/2025,Mpatseabwire,Chikwawa,-15.7062856,34.7364662,Logger,24.4602,29.825,911.8
7/2/2025,Mpatseabwire,Chikwawa,-15.7062856,34.7364662,Logger,24.5282,29.825,912.7
31/12/2024,Mulanje Water Office,Mulanje,-16.02450517,35.50426657,Logger,12.411,24.545,122
31/12/2024,Mulanje Water Office,Mulanje,-16.02450517,35.50426657,Logger,12.3884,24.543,122.1
1/1/2025,Mulanje Water Office,Mulanje,-16.02450517,35.50426657,Logger,12.4108,24.544,122.1
1/1/2025,Mulanje Water Office,Mulanje,-16.02450517,35.50426657,Logger,12.3862,24.544,122
2/1/2025,Mulanje Water Office,Mulanje,-16.02450517,35.50426657,Logger,12.3953,24.542,122
2/1/2025,Mulanje Water Office,Mulanje,-16.02450517,35.50426657,Logger,12.3875,24.541,122.1
3/1/2025,Mulanje Water Office,Mulanje,-16.02450517,35.50426657,Logger,12.365,24.544,121.9
3/1/2025,Mulanje Water Office,Mulanje,-16.02450517,35.50426657,Logger,12.3486,24.542,122.1
4/1/2025,Mulanje Water Office,Mulanje,-16.02450517,35.50426657,Logger,12.3491,24.543,122.1
4/1/2025,Mulanje Water Office,Mulanje,-16.02450517,35.50426657,Logger,12.3476,24.541,122.2
5/1/2025,Mulanje Water Office,Mulanje,-16.02450517,35.50426657,Logger,12.3566,24.544,122
5/1/2025,Mulanje Water Office,Mulanje,-16.02450517,35.50426657,Logger,12.3505,24.544,122.1
6/1/2025,Mulanje Water Office,Mulanje,-16.02450517,35.50426657,Logger,12.3736,24.543,122
6/1/2025,Mulanje Water Office,Mulanje,-16.02450517,35.50426657,Logger,12.3707,24.543,122.1
7/1/2025,Mulanje Water Office,Mulanje,-16.02450517,35.50426657,Logger,12.3914,24.541,122
7/1/2025,Mulanje Water Office,Mulanje,-16.02450517,35.50426657,Logger,12.5258,24.543,122.1
8/1/2025,Mulanje Water Office,Mulanje,-16.02450517,35.50426657,Logger,12.914,24.544,121.8
8/1/2025,Mulanje Water Office,Mulanje,-16.02450517,35.50426657,Logger,12.6375,24.543,122.2
9/1/2025,Mulanje Water Office,Mulanje,-16.02450517,35.50426657,Logger,12.5494,24.542,122
9/1/2025,Mulanje Water Office,Mulanje,-16.02450517,35.50426657,Logger,12.5279,24.543,122.1
10/1/2025,Mulanje Water Office,Mulanje,-16.02450517,35.50426657,Logger,12.5102,24.54,122.1
10/1/2025,Mulanje Water Office,Mulanje,-16.02450517,35.50426657,Logger,12.4739,24.54,122.1
11/1/2025,Mulanje Water Office,Mulanje,-16.02450517,35.50426657,Logger,12.493,24.541,122.1
11/1/2025,Mulanje Water Office,Mulanje,-16.02450517,35.50426657,Logger,12.4604,24.542,122.2
12/1/2025,Mulanje Water Office,Mulanje,-16.02450517,35.50426657,Logger,12.4618,24.54,122.1
12/1/2025,Mulanje Water Office,Mulanje,-16.02450517,35.50426657,Logger,12.4244,24.54,122.1
13/01/2025,Mulanje Water Office,Mulanje,-16.02450517,35.50426657,Logger,12.4386,24.54,122.1
13/01/2025,Mulanje Water Office,Mulanje,-16.02450517,35.50426657,Logger,12.4357,24.54,122.2
14/01/2025,Mulanje Water Office,Mulanje,-16.02450517,35.50426657,Logger,12.4307,24.54,122
14/01/2025,Mulanje Water Office,Mulanje,-16.02450517,35.50426657,Logger,12.4652,24.539,122.1
15/01/2025,Mulanje Water Office,Mulanje,-16.02450517,35.50426657,Logger,12.4706,24.541,121.9
15/01/2025,Mulanje Water Office,Mulanje,-16.02450517,35.50426657,Logger,12.4602,24.541,122.1
16/01/2025,Mulanje Water Office,Mulanje,-16.02450517,35.50426657,Logger,12.4588,24.541,122
16/01/2025,Mulanje Water Office,Mulanje,-16.02450517,35.50426657,Logger,12.4673,24.541,122.1
17/01/2025,Mulanje Water Office,Mulanje,-16.02450517,35.50426657,Logger,12.4618,24.539,122.1
17/01/2025,Mulanje Water Office,Mulanje,-16.02450517,35.50426657,Logger,12.47,24.539,122.1
18/01/2025,Mulanje Water Office,Mulanje,-16.02450517,35.50426657,Logger,12.4594,24.54,122.1
18/01/2025,Mulanje Water Office,Mulanje,-16.02450517,35.50426657,Logger,12.4372,24.54,122.3
19/01/2025,Mulanje Water Office,Mulanje,-16.02450517,35.50426657,Logger,12.4266,24.539,122.1
19/01/2025,Mulanje Water Office,Mulanje,-16.02450517,35.50426657,Logger,12.4315,24.54,122.1
20/01/2025,Mulanje Water Office,Mulanje,-16.02450517,35.50426657,Logger,12.4287,24.54,122.1
20/01/2025,Mulanje Water Office,Mulanje,-16.02450517,35.50426657,Logger,12.4601,24.539,122.2
21/01/2025,Mulanje Water Office,Mulanje,-16.02450517,35.50426657,Logger,12.4103,24.541,122.3
21/01/2025,Mulanje Water Office,Mulanje,-16.02450517,35.50426657,Logger,12.3847,24.539,122.2
22/01/2025,Mulanje Water Office,Mulanje,-16.02450517,35.50426657,Logger,12.3902,24.54,122.1
22/01/2025,Mulanje Water Office,Mulanje,-16.02450517,35.50426657,Logger,12.3775,24.541,122.2
23/01/2025,Mulanje Water Office,Mulanje,-16.02450517,35.50426657,Logger,12.3781,24.539,122.1
23/01/2025,Mulanje Water Office,Mulanje,-16.02450517,35.50426657,Logger,12.3444,24.539,122.1
24/01/2025,Mulanje Water Office,Mulanje,-16.02450517,35.50426657,Logger,12.3347,24.539,122
24/01/2025,Mulanje Water Office,Mulanje,-16.02450517,35.50426657,Logger,12.2792,24.537,122.1
25/01/2025,Mulanje Water Office,Mulanje,-16.02450517,35.50426657,Logger,12.2378,24.539,122.1
25/01/2025,Mulanje Water Office,Mulanje,-16.02450517,35.50426657,Logger,12.2009,24.539,122.1
26/01/2025,Mulanje Water Office,Mulanje,-16.02450517,35.50426657,Logger,12.164,24.54,121.9
26/01/2025,Mulanje Water Office,Mulanje,-16.02450517,35.50426657,Logger,12.1128,24.542,122
27/01/2025,Mulanje Water Office,Mulanje,-16.02450517,35.50426657,Logger,12.0939,24.544,121.7
27/01/2025,Mulanje Water Office,Mulanje,-16.02450517,35.50426657,Logger,11.9895,24.543,122
28/01/2025,Mulanje Water Office,Mulanje,-16.02450517,35.50426657,Logger,11.883,24.545,120.5
28/01/2025,Mulanje Water Office,Mulanje,-16.02450517,35.50426657,Logger,11.78,24.546,120.5
29/01/2025,Mulanje Water Office,Mulanje,-16.02450517,35.50426657,Logger,11.7027,24.544,121.4
29/01/2025,Mulanje Water Office,Mulanje,-16.02450517,35.50426657,Logger,11.5586,24.546,121.1
30/01/2025,Mulanje Water Office,Mulanje,-16.02450517,35.50426657,Logger,11.4607,24.546,120.6
30/01/2025,Mulanje Water Office,Mulanje,-16.02450517,35.50426657,Logger,11.3847,24.545,121
31/01/2025,Mulanje Water Office,Mulanje,-16.02450517,35.50426657,Logger,11.3239,24.544,121
31/01/2025,Mulanje Water Office,Mulanje,-16.02450517,35.50426657,Logger,11.2998,24.546,121
1/2/2025,Mulanje Water Office,Mulanje,-16.02450517,35.50426657,Logger,11.2509,24.543,121.1
1/2/2025,Mulanje Water Office,Mulanje,-16.02450517,35.50426657,Logger,11.2233,24.545,121.2
2/2/2025,Mulanje Water Office,Mulanje,-16.02450517,35.50426657,Logger,11.1874,24.544,121.1
2/2/2025,Mulanje Water Office,Mulanje,-16.02450517,35.50426657,Logger,11.1647,24.547,121.3
3/2/2025,Mulanje Water Office,Mulanje,-16.02450517,35.50426657,Logger,11.1481,24.546,121.1
3/2/2025,Mulanje Water Office,Mulanje,-16.02450517,35.50426657,Logger,11.0919,24.546,121.5
4/2/2025,Mulanje Water Office,Mulanje,-16.02450517,35.50426657,Logger,11.0433,24.546,121.6
4/2/2025,Mulanje Water Office,Mulanje,-16.02450517,35.50426657,Logger,11.0261,24.548,121.5
31/12/2024,Mwanza Prison,Mwanza,-15.6074859,34.5161009,Logger,6.128,25.781,328
31/12/2024,Mwanza Prison,Mwanza,-15.6074859,34.5161009,Logger,6.1128,25.777,325.6
1/1/2025,Mwanza Prison,Mwanza,-15.6074859,34.5161009,Logger,6.1266,25.78,326.5
1/1/2025,Mwanza Prison,Mwanza,-15.6074859,34.5161009,Logger,6.1102,25.78,327.3
2/1/2025,Mwanza Prison,Mwanza,-15.6074859,34.5161009,Logger,6.1297,25.779,326.9
2/1/2025,Mwanza Prison,Mwanza,-15.6074859,34.5161009,Logger,6.122,25.779,326.9
3/1/2025,Mwanza Prison,Mwanza,-15.6074859,34.5161009,Logger,6.135,25.781,328.2
3/1/2025,Mwanza Prison,Mwanza,-15.6074859,34.5161009,Logger,6.1239,25.779,327.7
4/1/2025,Mwanza Prison,Mwanza,-15.6074859,34.5161009,Logger,6.1354,25.778,327.4
4/1/2025,Mwanza Prison,Mwanza,-15.6074859,34.5161009,Logger,6.1265,25.778,326.9
5/1/2025,Mwanza Prison,Mwanza,-15.6074859,34.5161009,Logger,6.136,25.778,326.8
5/1/2025,Mwanza Prison,Mwanza,-15.6074859,34.5161009,Logger,6.1256,25.778,326.9
6/1/2025,Mwanza Prison,Mwanza,-15.6074859,34.5161009,Logger,6.1428,25.782,328.3
6/1/2025,Mwanza Prison,Mwanza,-15.6074859,34.5161009,Logger,6.1368,25.776,327.1
7/1/2025,Mwanza Prison,Mwanza,-15.6074859,34.5161009,Logger,6.1485,25.776,325.9
7/1/2025,Mwanza Prison,Mwanza,-15.6074859,34.5161009,Logger,6.1374,25.775,325.4
8/1/2025,Mwanza Prison,Mwanza,-15.6074859,34.5161009,Logger,6.1536,25.778,326
8/1/2025,Mwanza Prison,Mwanza,-15.6074859,34.5161009,Logger,6.1399,25.776,326.5
9/1/2025,Mwanza Prison,Mwanza,-15.6074859,34.5161009,Logger,6.1491,25.779,329.1
9/1/2025,Mwanza Prison,Mwanza,-15.6074859,34.5161009,Logger,6.136,25.776,328.9
10/1/2025,Mwanza Prison,Mwanza,-15.6074859,34.5161009,Logger,6.1557,25.775,327.5
10/1/2025,Mwanza Prison,Mwanza,-15.6074859,34.5161009,Logger,6.1358,25.774,323.4
11/1/2025,Mwanza Prison,Mwanza,-15.6074859,34.5161009,Logger,6.1571,25.774,323.4
11/1/2025,Mwanza Prison,Mwanza,-15.6074859,34.5161009,Logger,6.1279,25.774,321.4
12/1/2025,Mwanza Prison,Mwanza,-15.6074859,34.5161009,Logger,6.1476,25.775,322.9
12/1/2025,Mwanza Prison,Mwanza,-15.6074859,34.5161009,Logger,6.1084,25.778,324
13/01/2025,Mwanza Prison,Mwanza,-15.6074859,34.5161009,Logger,6.1237,25.777,325
13/01/2025,Mwanza Prison,Mwanza,-15.6074859,34.5161009,Logger,6.1042,25.776,327.4
14/01/2025,Mwanza Prison,Mwanza,-15.6074859,34.5161009,Logger,6.1167,25.776,330.1
14/01/2025,Mwanza Prison,Mwanza,-15.6074859,34.5161009,Logger,6.0997,25.777,331.9
15/01/2025,Mwanza Prison,Mwanza,-15.6074859,34.5161009,Logger,6.1148,25.777,333.4
15/01/2025,Mwanza Prison,Mwanza,-15.6074859,34.5161009,Logger,6.1129,25.777,334.6
16/01/2025,Mwanza Prison,Mwanza,-15.6074859,34.5161009,Logger,6.1328,25.775,335.4
16/01/2025,Mwanza Prison,Mwanza,-15.6074859,34.5161009,Logger,6.1164,25.775,336.1
17/01/2025,Mwanza Prison,Mwanza,-15.6074859,34.5161009,Logger,6.1325,25.777,337.3
17/01/2025,Mwanza Prison,Mwanza,-15.6074859,34.5161009,Logger,6.1239,25.778,338.4
18/01/2025,Mwanza Prison,Mwanza,-15.6074859,34.5161009,Logger,6.133,25.776,339.4
18/01/2025,Mwanza Prison,Mwanza,-15.6074859,34.5161009,Logger,6.1188,25.777,339.9
19/01/2025,Mwanza Prison,Mwanza,-15.6074859,34.5161009,Logger,6.1379,25.777,340.4
19/01/2025,Mwanza Prison,Mwanza,-15.6074859,34.5161009,Logger,6.1218,25.775,341.1
20/01/2025,Mwanza Prison,Mwanza,-15.6074859,34.5161009,Logger,6.082,25.776,342
20/01/2025,Mwanza Prison,Mwanza,-15.6074859,34.5161009,Logger,6.0758,25.779,341.6
21/01/2025,Mwanza Prison,Mwanza,-15.6074859,34.5161009,Logger,6.0914,25.773,330.1
21/01/2025,Mwanza Prison,Mwanza,-15.6074859,34.5161009,Logger,6.0914,25.772,324.4
22/01/2025,Mwanza Prison,Mwanza,-15.6074859,34.5161009,Logger,6.0997,25.771,316.7
22/01/2025,Mwanza Prison,Mwanza,-15.6074859,34.5161009,Logger,6.081,25.769,313.2
23/01/2025,Mwanza Prison,Mwanza,-15.6074859,34.5161009,Logger,6.0969,25.77,313.2
23/01/2025,Mwanza Prison,Mwanza,-15.6074859,34.5161009,Logger,6.0694,25.772,315.1
24/01/2025,Mwanza Prison,Mwanza,-15.6074859,34.5161009,Logger,5.9458,25.772,317.4
24/01/2025,Mwanza Prison,Mwanza,-15.6074859,34.5161009,Logger,5.9821,25.769,319.7
25/01/2025,Mwanza Prison,Mwanza,-15.6074859,34.5161009,Logger,5.9564,25.77,335.2
25/01/2025,Mwanza Prison,Mwanza,-15.6074859,34.5161009,Logger,5.9443,25.773,348
26/01/2025,Mwanza Prison,Mwanza,-15.6074859,34.5161009,Logger,5.9313,25.771,361.6
26/01/2025,Mwanza Prison,Mwanza,-15.6074859,34.5161009,Logger,5.8582,25.768,360.9
27/01/2025,Mwanza Prison,Mwanza,-15.6074859,34.5161009,Logger,5.8338,25.774,357.5
27/01/2025,Mwanza Prison,Mwanza,-15.6074859,34.5161009,Logger,5.8298,25.775,357.1
28/01/2025,Mwanza Prison,Mwanza,-15.6074859,34.5161009,Logger,5.8452,25.769,363.7
28/01/2025,Mwanza Prison,Mwanza,-15.6074859,34.5161009,Logger,5.8252,25.767,357
29/01/2025,Mwanza Prison,Mwanza,-15.6074859,34.5161009,Logger,5.8256,25.768,352.4
29/01/2025,Mwanza Prison,Mwanza,-15.6074859,34.5161009,Logger,5.7199,25.767,349.5
30/01/2025,Mwanza Prison,Mwanza,-15.6074859,34.5161009,Logger,5.7049,25.769,348.3
30/01/2025,Mwanza Prison,Mwanza,-15.6074859,34.5161009,Logger,5.6947,25.77,343.9
31/01/2025,Mwanza Prison,Mwanza,-15.6074859,34.5161009,Logger,5.7086,25.77,330.5
31/01/2025,Mwanza Prison,Mwanza,-15.6074859,34.5161009,Logger,5.6905,25.767,316.9
1/2/2025,Mwanza Prison,Mwanza,-15.6074859,34.5161009,Logger,5.6994,25.768,309.3
1/2/2025,Mwanza Prison,Mwanza,-15.6074859,34.5161009,Logger,5.6756,25.768,305.1
2/2/2025,Mwanza Prison,Mwanza,-15.6074859,34.5161009,Logger,5.6844,25.769,305.7
2/2/2025,Mwanza Prison,Mwanza,-15.6074859,34.5161009,Logger,5.672,25.767,308.6
3/2/2025,Mwanza Prison,Mwanza,-15.6074859,34.5161009,Logger,5.6805,25.767,316
3/2/2025,Mwanza Prison,Mwanza,-15.6074859,34.5161009,Logger,5.6755,25.77,325.1
4/2/2025,Mwanza Prison,Mwanza,-15.6074859,34.5161009,Logger,5.6785,25.768,332.8
4/2/2025,Mwanza Prison,Mwanza,-15.6074859,34.5161009,Logger,5.6677,25.769,339.2
5/2/2025,Mwanza Prison,Mwanza,-15.6074859,34.5161009,Logger,5.6658,25.772,347
5/2/2025,Mwanza Prison,Mwanza,-15.6074859,34.5161009,Logger,5.6463,25.771,347.6
6/2/2025,Mwanza Prison,Mwanza,-15.6074859,34.5161009,Logger,5.6531,25.77,347.8
6/2/2025,Mwanza Prison,Mwanza,-15.6074859,34.5161009,Logger,5.6516,25.766,347.5
7/2/2025,Mwanza Prison,Mwanza,-15.6074859,34.5161009,Logger,5.6721,25.767,347.7
31/12/2024,Nansomba Lea,Mulanje,-15.79386089,35.60694735,Logger,4.94,25.996,939.1
31/12/2024,Nansomba Lea,Mulanje,-15.79386089,35.60694735,Logger,4.928,25.996,939.7
1/1/2025,Nansomba Lea,Mulanje,-15.79386089,35.60694735,Logger,4.9531,25.999,939.3
1/1/2025,Nansomba Lea,Mulanje,-15.79386089,35.60694735,Logger,4.9326,25.998,940
2/1/2025,Nansomba Lea,Mulanje,-15.79386089,35.60694735,Logger,4.9427,25.996,941.7
2/1/2025,Nansomba Lea,Mulanje,-15.79386089,35.60694735,Logger,4.9321,25.996,941.1
3/1/2025,Nansomba Lea,Mulanje,-15.79386089,35.60694735,Logger,4.952,25.999,941.3
3/1/2025,Nansomba Lea,Mulanje,-15.79386089,35.60694735,Logger,4.9354,25.996,940.8
4/1/2025,Nansomba Lea,Mulanje,-15.79386089,35.60694735,Logger,4.9327,25.995,940.8
4/1/2025,Nansomba Lea,Mulanje,-15.79386089,35.60694735,Logger,4.9283,25.997,939.9
5/1/2025,Nansomba Lea,Mulanje,-15.79386089,35.60694735,Logger,4.9452,25.996,939.5
5/1/2025,Nansomba Lea,Mulanje,-15.79386089,35.60694735,Logger,4.9302,25.997,939.7
6/1/2025,Nansomba Lea,Mulanje,-15.79386089,35.60694735,Logger,4.9407,25.996,939.5
6/1/2025,Nansomba Lea,Mulanje,-15.79386089,35.60694735,Logger,4.9401,25.997,939.1
7/1/2025,Nansomba Lea,Mulanje,-15.79386089,35.60694735,Logger,4.9472,25.995,939.7
7/1/2025,Nansomba Lea,Mulanje,-15.79386089,35.60694735,Logger,4.9433,25.996,938.9
8/1/2025,Nansomba Lea,Mulanje,-15.79386089,35.60694735,Logger,4.9568,25.994,939.3
8/1/2025,Nansomba Lea,Mulanje,-15.79386089,35.60694735,Logger,4.9409,25.994,939.2
9/1/2025,Nansomba Lea,Mulanje,-15.79386089,35.60694735,Logger,4.9661,25.997,938.9
9/1/2025,Nansomba Lea,Mulanje,-15.79386089,35.60694735,Logger,4.9273,25.994,939.7
10/1/2025,Nansomba Lea,Mulanje,-15.79386089,35.60694735,Logger,4.9406,25.994,939.1
10/1/2025,Nansomba Lea,Mulanje,-15.79386089,35.60694735,Logger,4.941,25.994,939.5
11/1/2025,Nansomba Lea,Mulanje,-15.79386089,35.60694735,Logger,4.9546,25.994,938.5
11/1/2025,Nansomba Lea,Mulanje,-15.79386089,35.60694735,Logger,4.9441,25.996,939.6
12/1/2025,Nansomba Lea,Mulanje,-15.79386089,35.60694735,Logger,4.9509,25.996,939.5
12/1/2025,Nansomba Lea,Mulanje,-15.79386089,35.60694735,Logger,4.9318,25.996,938.9
13/01/2025,Nansomba Lea,Mulanje,-15.79386089,35.60694735,Logger,4.9326,25.994,939.9
13/01/2025,Nansomba Lea,Mulanje,-15.79386089,35.60694735,Logger,4.9242,25.994,940.2
14/01/2025,Nansomba Lea,Mulanje,-15.79386089,35.60694735,Logger,4.9342,25.995,939.4
14/01/2025,Nansomba Lea,Mulanje,-15.79386089,35.60694735,Logger,4.9256,25.996,940.1
15/01/2025,Nansomba Lea,Mulanje,-15.79386089,35.60694735,Logger,4.9371,25.993,939.5
15/01/2025,Nansomba Lea,Mulanje,-15.79386089,35.60694735,Logger,4.9337,25.992,939.2
16/01/2025,Nansomba Lea,Mulanje,-15.79386089,35.60694735,Logger,4.9534,25.993,939.5
16/01/2025,Nansomba Lea,Mulanje,-15.79386089,35.60694735,Logger,4.9473,25.994,939.4
17/01/2025,Nansomba Lea,Mulanje,-15.79386089,35.60694735,Logger,4.9779,25.994,939.6
17/01/2025,Nansomba Lea,Mulanje,-15.79386089,35.60694735,Logger,4.9525,25.993,938.9
18/01/2025,Nansomba Lea,Mulanje,-15.79386089,35.60694735,Logger,4.9478,25.99,939.2
18/01/2025,Nansomba Lea,Mulanje,-15.79386089,35.60694735,Logger,4.9435,25.993,938.8
19/01/2025,Nansomba Lea,Mulanje,-15.79386089,35.60694735,Logger,4.9495,25.994,938.7
19/01/2025,Nansomba Lea,Mulanje,-15.79386089,35.60694735,Logger,4.9313,25.992,939
20/01/2025,Nansomba Lea,Mulanje,-15.79386089,35.60694735,Logger,4.9154,25.989,939
20/01/2025,Nansomba Lea,Mulanje,-15.79386089,35.60694735,Logger,4.9156,25.992,939.2
21/01/2025,Nansomba Lea,Mulanje,-15.79386089,35.60694735,Logger,4.9252,25.992,939.5
21/01/2025,Nansomba Lea,Mulanje,-15.79386089,35.60694735,Logger,4.9166,25.992,940
22/01/2025,Nansomba Lea,Mulanje,-15.79386089,35.60694735,Logger,4.9298,25.991,939.2
22/01/2025,Nansomba Lea,Mulanje,-15.79386089,35.60694735,Logger,4.9096,25.992,939.3
23/01/2025,Nansomba Lea,Mulanje,-15.79386089,35.60694735,Logger,4.9153,25.993,939.3
23/01/2025,Nansomba Lea,Mulanje,-15.79386089,35.60694735,Logger,4.8956,25.992,939
24/01/2025,Nansomba Lea,Mulanje,-15.79386089,35.60694735,Logger,4.9066,25.992,939.3
24/01/2025,Nansomba Lea,Mulanje,-15.79386089,35.60694735,Logger,4.8873,25.99,939.9
25/01/2025,Nansomba Lea,Mulanje,-15.79386089,35.60694735,Logger,4.8798,25.991,939.8
25/01/2025,Nansomba Lea,Mulanje,-15.79386089,35.60694735,Logger,4.8743,25.99,939.7
26/01/2025,Nansomba Lea,Mulanje,-15.79386089,35.60694735,Logger,4.8759,25.99,939.6
26/01/2025,Nansomba Lea,Mulanje,-15.79386089,35.60694735,Logger,4.8739,25.991,939.1
27/01/2025,Nansomba Lea,Mulanje,-15.79386089,35.60694735,Logger,4.8911,25.991,939.6
27/01/2025,Nansomba Lea,Mulanje,-15.79386089,35.60694735,Logger,4.8627,25.99,940.2
28/01/2025,Nansomba Lea,Mulanje,-15.79386089,35.60694735,Logger,4.8825,25.99,940.3
28/01/2025,Nansomba Lea,Mulanje,-15.79386089,35.60694735,Logger,4.8659,25.99,939.5
29/01/2025,Nansomba Lea,Mulanje,-15.79386089,35.60694735,Logger,4.876,25.989,940.8
29/01/2025,Nansomba Lea,Mulanje,-15.79386089,35.60694735,Logger,4.8468,25.987,940.5
30/01/2025,Nansomba Lea,Mulanje,-15.79386089,35.60694735,Logger,4.8528,25.988,940.2
30/01/2025,Nansomba Lea,Mulanje,-15.79386089,35.60694735,Logger,4.838,25.988,940.3
31/01/2025,Nansomba Lea,Mulanje,-15.79386089,35.60694735,Logger,4.8468,25.989,940.3
31/01/2025,Nansomba Lea,Mulanje,-15.79386089,35.60694735,Logger,4.8196,25.99,939.9
1/2/2025,Nansomba Lea,Mulanje,-15.79386089,35.60694735,Logger,4.8052,25.986,940
1/2/2025,Nansomba Lea,Mulanje,-15.79386089,35.60694735,Logger,4.8035,25.988,940.8
2/2/2025,Nansomba Lea,Mulanje,-15.79386089,35.60694735,Logger,4.8038,25.987,940.6
2/2/2025,Nansomba Lea,Mulanje,-15.79386089,35.60694735,Logger,4.7996,25.987,941
3/2/2025,Nansomba Lea,Mulanje,-15.79386089,35.60694735,Logger,4.8113,25.987,941
3/2/2025,Nansomba Lea,Mulanje,-15.79386089,35.60694735,Logger,4.7839,25.987,940.3
4/2/2025,Nansomba Lea,Mulanje,-15.79386089,35.60694735,Logger,4.7982,25.988,941.1
4/2/2025,Nansomba Lea,Mulanje,-15.79386089,35.60694735,Logger,4.7759,25.987,941.6
31/12/2024,Ngabu Water Office,Chikwawa,-16.45533904,34.89122404,Telemetry,8.542,29.822,2139.8
31/12/2024,Ngabu Water Office,Chikwawa,-16.45533904,34.89122404,Telemetry,8.5349,29.821,2150.4
1/1/2025,Ngabu Water Office,Chikwawa,-16.45533904,34.89122404,Telemetry,8.5393,29.823,2145.3
1/1/2025,Ngabu Water Office,Chikwawa,-16.45533904,34.89122404,Telemetry,8.5339,29.82,2150.1
2/1/2025,Ngabu Water Office,Chikwawa,-16.45533904,34.89122404,Telemetry,8.5421,29.82,2141.3
2/1/2025,Ngabu Water Office,Chikwawa,-16.45533904,34.89122404,Telemetry,8.549,29.819,2134
3/1/2025,Ngabu Water Office,Chikwawa,-16.45533904,34.89122404,Telemetry,8.5525,29.82,2126.5
3/1/2025,Ngabu Water Office,Chikwawa,-16.45533904,34.89122404,Telemetry,8.5526,29.821,2130.8
4/1/2025,Ngabu Water Office,Chikwawa,-16.45533904,34.89122404,Telemetry,8.5519,29.819,2123.9
4/1/2025,Ngabu Water Office,Chikwawa,-16.45533904,34.89122404,Telemetry,8.5468,29.82,2135.5
5/1/2025,Ngabu Water Office,Chikwawa,-16.45533904,34.89122404,Telemetry,8.5498,29.819,2128.8
5/1/2025,Ngabu Water Office,Chikwawa,-16.45533904,34.89122404,Telemetry,8.5425,29.818,2138.3
6/1/2025,Ngabu Water Office,Chikwawa,-16.45533904,34.89122404,Telemetry,8.5522,29.819,2127.1
6/1/2025,Ngabu Water Office,Chikwawa,-16.45533904,34.89122404,Telemetry,8.5489,29.818,2132.1
7/1/2025,Ngabu Water Office,Chikwawa,-16.45533904,34.89122404,Telemetry,8.5495,29.819,2124.4
7/1/2025,Ngabu Water Office,Chikwawa,-16.45533904,34.89122404,Telemetry,8.5362,29.818,2143.2
8/1/2025,Ngabu Water Office,Chikwawa,-16.45533904,34.89122404,Telemetry,8.5395,29.817,2140.7
8/1/2025,Ngabu Water Office,Chikwawa,-16.45533904,34.89122404,Telemetry,8.5198,29.815,2166.3
9/1/2025,Ngabu Water Office,Chikwawa,-16.45533904,34.89122404,Telemetry,8.5064,29.818,2172.6
9/1/2025,Ngabu Water Office,Chikwawa,-16.45533904,34.89122404,Telemetry,8.4979,29.819,2178.6
10/1/2025,Ngabu Water Office,Chikwawa,-16.45533904,34.89122404,Telemetry,8.5011,29.817,2178
10/1/2025,Ngabu Water Office,Chikwawa,-16.45533904,34.89122404,Telemetry,8.4956,29.817,2181.5
11/1/2025,Ngabu Water Office,Chikwawa,-16.45533904,34.89122404,Telemetry,8.5048,29.815,2176.2
11/1/2025,Ngabu Water Office,Chikwawa,-16.45533904,34.89122404,Telemetry,8.4909,29.817,2181.5
12/1/2025,Ngabu Water Office,Chikwawa,-16.45533904,34.89122404,Telemetry,8.5003,29.816,2179.5
12/1/2025,Ngabu Water Office,Chikwawa,-16.45533904,34.89122404,Telemetry,8.4797,29.816,2186.8
13/01/2025,Ngabu Water Office,Chikwawa,-16.45533904,34.89122404,Telemetry,8.4936,29.815,2187.2
13/01/2025,Ngabu Water Office,Chikwawa,-16.45533904,34.89122404,Telemetry,8.4856,29.815,2196.9
14/01/2025,Ngabu Water Office,Chikwawa,-16.45533904,34.89122404,Telemetry,8.4914,29.815,2183.3
14/01/2025,Ngabu Water Office,Chikwawa,-16.45533904,34.89122404,Telemetry,8.4845,29.815,2195.6
15/01/2025,Ngabu Water Office,Chikwawa,-16.45533904,34.89122404,Telemetry,8.4966,29.814,2185.7
15/01/2025,Ngabu Water Office,Chikwawa,-16.45533904,34.89122404,Telemetry,8.501,29.816,2172.5
16/01/2025,Ngabu Water Office,Chikwawa,-16.45533904,34.89122404,Telemetry,8.5194,29.814,2164.6
16/01/2025,Ngabu Water Office,Chikwawa,-16.45533904,34.89122404,Telemetry,8.5321,29.813,2155.9
17/01/2025,Ngabu Water Office,Chikwawa,-16.45533904,34.89122404,Telemetry,8.5445,29.813,2132.3
17/01/2025,Ngabu Water Office,Chikwawa,-16.45533904,34.89122404,Telemetry,8.5348,29.813,2144.2
18/01/2025,Ngabu Water Office,Chikwawa,-16.45533904,34.89122404,Telemetry,8.5303,29.812,2144.6
18/01/2025,Ngabu Water Office,Chikwawa,-16.45533904,34.89122404,Telemetry,8.5179,29.814,2159.5
19/01/2025,Ngabu Water Office,Chikwawa,-16.45533904,34.89122404,Telemetry,8.5276,29.813,2151.1
19/01/2025,Ngabu Water Office,Chikwawa,-16.45533904,34.89122404,Telemetry,8.523,29.811,2160.2
20/01/2025,Ngabu Water Office,Chikwawa,-16.45533904,34.89122404,Telemetry,8.5038,29.813,1991.3
20/01/2025,Ngabu Water Office,Chikwawa,-16.45533904,34.89122404,Telemetry,8.5012,29.813,1993.1
21/01/2025,Ngabu Water Office,Chikwawa,-16.45533904,34.89122404,Telemetry,8.5114,29.814,1963.2
21/01/2025,Ngabu Water Office,Chikwawa,-16.45533904,34.89122404,Telemetry,8.5204,29.814,1949.6
22/01/2025,Ngabu Water Office,Chikwawa,-16.45533904,34.89122404,Telemetry,8.5175,29.811,1948.9
22/01/2025,Ngabu Water Office,Chikwawa,-16.45533904,34.89122404,Telemetry,8.5055,29.811,1980.5
23/01/2025,Ngabu Water Office,Chikwawa,-16.45533904,34.89122404,Telemetry,8.4963,29.81,1988.3
23/01/2025,Ngabu Water Office,Chikwawa,-16.45533904,34.89122404,Telemetry,8.4803,29.811,2019.2
24/01/2025,Ngabu Water Office,Chikwawa,-16.45533904,34.89122404,Telemetry,8.4748,29.812,2025.4
24/01/2025,Ngabu Water Office,Chikwawa,-16.45533904,34.89122404,Telemetry,8.4632,29.809,2040.6
25/01/2025,Ngabu Water Office,Chikwawa,-16.45533904,34.89122404,Telemetry,8.4495,29.811,2066
25/01/2025,Ngabu Water Office,Chikwawa,-16.45533904,34.89122404,Telemetry,8.4373,29.809,2083.5
26/01/2025,Ngabu Water Office,Chikwawa,-16.45533904,34.89122404,Telemetry,8.4239,29.809,2096.1
26/01/2025,Ngabu Water Office,Chikwawa,-16.45533904,34.89122404,Telemetry,8.4063,29.812,2116.4
27/01/2025,Ngabu Water Office,Chikwawa,-16.45533904,34.89122404,Telemetry,8.3958,29.809,2134.4
27/01/2025,Ngabu Water Office,Chikwawa,-16.45533904,34.89122404,Telemetry,8.3794,29.809,2150.8
28/01/2025,Ngabu Water Office,Chikwawa,-16.45533904,34.89122404,Telemetry,8.3639,29.81,2167.6
28/01/2025,Ngabu Water Office,Chikwawa,-16.45533904,34.89122404,Telemetry,8.3571,29.807,2171
29/01/2025,Ngabu Water Office,Chikwawa,-16.45533904,34.89122404,Telemetry,8.3291,29.81,2179
29/01/2025,Ngabu Water Office,Chikwawa,-16.45533904,34.89122404,Telemetry,8.3255,29.808,2179.7
30/01/2025,Ngabu Water Office,Chikwawa,-16.45533904,34.89122404,Telemetry,8.3101,29.809,2186.5
30/01/2025,Ngabu Water Office,Chikwawa,-16.45533904,34.89122404,Telemetry,8.2988,29.809,2201.7
31/01/2025,Ngabu Water Office,Chikwawa,-16.45533904,34.89122404,Telemetry,8.2896,29.808,2205.9
31/01/2025,Ngabu Water Office,Chikwawa,-16.45533904,34.89122404,Telemetry,8.2697,29.807,2219
1/2/2025,Ngabu Water Office,Chikwawa,-16.45533904,34.89122404,Telemetry,8.2676,29.807,2221.4
1/2/2025,Ngabu Water Office,Chikwawa,-16.45533904,34.89122404,Telemetry,8.2568,29.808,2226.9
2/2/2025,Ngabu Water Office,Chikwawa,-16.45533904,34.89122404,Telemetry,8.2651,29.805,2220.7
2/2/2025,Ngabu Water Office,Chikwawa,-16.45533904,34.89122404,Telemetry,8.2536,29.809,2229.4
3/2/2025,Ngabu Water Office,Chikwawa,-16.45533904,34.89122404,Telemetry,8.2607,29.808,2224.1
3/2/2025,Ngabu Water Office,Chikwawa,-16.45533904,34.89122404,Telemetry,8.2586,29.808,2229.3
4/2/2025,Ngabu Water Office,Chikwawa,-16.45533904,34.89122404,Telemetry,8.2642,29.807,2226.2
4/2/2025,Ngabu Water Office,Chikwawa,-16.45533904,34.89122404,Telemetry,8.2505,29.806,2230.7
5/2/2025,Ngabu Water Office,Chikwawa,-16.45533904,34.89122404,Telemetry,8.2467,29.805,2222.5
5/2/2025,Ngabu Water Office,Chikwawa,-16.45533904,34.89122404,Telemetry,8.2299,29.806,2235.4
6/2/2025,Ngabu Water Office,Chikwawa,-16.45533904,34.89122404,Telemetry,8.2321,29.806,2227.3
31/12/2024,Nsambangombe,Nsanje,-15.774954,34.4642941,Logger,22.6384,26.465,349.6
1/1/2025,Nsambangombe,Nsanje,-15.774954,34.4642941,Logger,22.5983,26.46,350
1/1/2025,Nsambangombe,Nsanje,-15.774954,34.4642941,Logger,22.648,26.463,349.7
2/1/2025,Nsambangombe,Nsanje,-15.774954,34.4642941,Logger,22.6398,26.46,349.6
2/1/2025,Nsambangombe,Nsanje,-15.774954,34.4642941,Logger,22.6346,26.462,349.4
3/1/2025,Nsambangombe,Nsanje,-15.774954,34.4642941,Logger,22.6311,26.461,350.6
3/1/2025,Nsambangombe,Nsanje,-15.774954,34.4642941,Logger,22.6588,26.461,350.7
4/1/2025,Nsambangombe,Nsanje,-15.774954,34.4642941,Logger,22.6356,26.457,350.7
4/1/2025,Nsambangombe,Nsanje,-15.774954,34.4642941,Logger,22.6347,26.458,350.8
5/1/2025,Nsambangombe,Nsanje,-15.774954,34.4642941,Logger,22.6156,26.457,351.3
5/1/2025,Nsambangombe,Nsanje,-15.774954,34.4642941,Logger,22.6348,26.46,350.9
6/1/2025,Nsambangombe,Nsanje,-15.774954,34.4642941,Logger,22.6131,26.458,351.2
6/1/2025,Nsambangombe,Nsanje,-15.774954,34.4642941,Logger,22.6486,26.458,351
7/1/2025,Nsambangombe,Nsanje,-15.774954,34.4642941,Logger,22.6348,26.458,351.2
7/1/2025,Nsambangombe,Nsanje,-15.774954,34.4642941,Logger,22.6598,26.458,351.2
8/1/2025,Nsambangombe,Nsanje,-15.774954,34.4642941,Logger,22.6283,26.455,350.8
8/1/2025,Nsambangombe,Nsanje,-15.774954,34.4642941,Logger,22.6606,26.457,351
9/1/2025,Nsambangombe,Nsanje,-15.774954,34.4642941,Logger,22.6489,26.453,350.4
9/1/2025,Nsambangombe,Nsanje,-15.774954,34.4642941,Logger,22.6322,26.457,350.5
10/1/2025,Nsambangombe,Nsanje,-15.774954,34.4642941,Logger,22.6346,26.454,350.1
10/1/2025,Nsambangombe,Nsanje,-15.774954,34.4642941,Logger,22.663,26.454,350.9
11/1/2025,Nsambangombe,Nsanje,-15.774954,34.4642941,Logger,22.6455,26.454,350.3
11/1/2025,Nsambangombe,Nsanje,-15.774954,34.4642941,Logger,22.6729,26.455,350.7
12/1/2025,Nsambangombe,Nsanje,-15.774954,34.4642941,Logger,22.6409,26.452,350.9
12/1/2025,Nsambangombe,Nsanje,-15.774954,34.4642941,Logger,22.693,26.455,351.5
13/01/2025,Nsambangombe,Nsanje,-15.774954,34.4642941,Logger,22.6415,26.454,350.8
13/01/2025,Nsambangombe,Nsanje,-15.774954,34.4642941,Logger,22.7002,26.456,351.5
14/01/2025,Nsambangombe,Nsanje,-15.774954,34.4642941,Logger,22.6648,26.452,350.6
14/01/2025,Nsambangombe,Nsanje,-15.774954,34.4642941,Logger,22.6881,26.455,351.3
15/01/2025,Nsambangombe,Nsanje,-15.774954,34.4642941,Logger,22.6711,26.449,350.6
15/01/2025,Nsambangombe,Nsanje,-15.774954,34.4642941,Logger,22.6906,26.453,350.7
16/01/2025,Nsambangombe,Nsanje,-15.774954,34.4642941,Logger,22.6723,26.453,350.1
16/01/2025,Nsambangombe,Nsanje,-15.774954,34.4642941,Logger,22.7162,26.451,350.7
17/01/2025,Nsambangombe,Nsanje,-15.774954,34.4642941,Logger,22.6706,26.451,349.8
17/01/2025,Nsambangombe,Nsanje,-15.774954,34.4642941,Logger,22.7198,26.454,350.6
18/01/2025,Nsambangombe,Nsanje,-15.774954,34.4642941,Logger,22.7037,26.45,350.5
18/01/2025,Nsambangombe,Nsanje,-15.774954,34.4642941,Logger,22.7077,26.453,351.2
19/01/2025,Nsambangombe,Nsanje,-15.774954,34.4642941,Logger,22.6856,26.452,350.6
19/01/2025,Nsambangombe,Nsanje,-15.774954,34.4642941,Logger,22.7231,26.453,351.4
20/01/2025,Nsambangombe,Nsanje,-15.774954,34.4642941,Logger,22.7084,26.45,350
20/01/2025,Nsambangombe,Nsanje,-15.774954,34.4642941,Logger,22.6979,26.45,350.2
21/01/2025,Nsambangombe,Nsanje,-15.774954,34.4642941,Logger,22.6842,26.448,350.6
21/01/2025,Nsambangombe,Nsanje,-15.774954,34.4642941,Logger,22.6996,26.449,350.3
22/01/2025,Nsambangombe,Nsanje,-15.774954,34.4642941,Logger,22.6964,26.448,350
22/01/2025,Nsambangombe,Nsanje,-15.774954,34.4642941,Logger,22.7122,26.448,350.7
23/01/2025,Nsambangombe,Nsanje,-15.774954,34.4642941,Logger,22.6855,26.449,350.1
23/01/2025,Nsambangombe,Nsanje,-15.774954,34.4642941,Logger,22.7038,26.449,350.5
24/01/2025,Nsambangombe,Nsanje,-15.774954,34.4642941,Logger,22.677,26.446,350
24/01/2025,Nsambangombe,Nsanje,-15.774954,34.4642941,Logger,22.6885,26.447,350.2
25/01/2025,Nsambangombe,Nsanje,-15.774954,34.4642941,Logger,22.6681,26.442,349
25/01/2025,Nsambangombe,Nsanje,-15.774954,34.4642941,Logger,22.6419,26.444,348.5
26/01/2025,Nsambangombe,Nsanje,-15.774954,34.4642941,Logger,22.6285,26.442,348.8
26/01/2025,Nsambangombe,Nsanje,-15.774954,34.4642941,Logger,22.6271,26.443,349.1
27/01/2025,Nsambangombe,Nsanje,-15.774954,34.4642941,Logger,22.5938,26.441,348.4
27/01/2025,Nsambangombe,Nsanje,-15.774954,34.4642941,Logger,22.6186,26.442,348.4
28/01/2025,Nsambangombe,Nsanje,-15.774954,34.4642941,Logger,22.578,26.44,347.2
28/01/2025,Nsambangombe,Nsanje,-15.774954,34.4642941,Logger,22.5907,26.44,346.7
29/01/2025,Nsambangombe,Nsanje,-15.774954,34.4642941,Logger,22.5764,26.438,346
29/01/2025,Nsambangombe,Nsanje,-15.774954,34.4642941,Logger,22.5859,26.442,346.4
30/01/2025,Nsambangombe,Nsanje,-15.774954,34.4642941,Logger,22.5741,26.437,345.6
30/01/2025,Nsambangombe,Nsanje,-15.774954,34.4642941,Logger,22.5941,26.44,345.6
31/01/2025,Nsambangombe,Nsanje,-15.774954,34.4642941,Logger,22.5664,26.44,346.1
31/01/2025,Nsambangombe,Nsanje,-15.774954,34.4642941,Logger,22.5965,26.444,345.7
1/2/2025,Nsambangombe,Nsanje,-15.774954,34.4642941,Logger,22.5637,26.437,346.3
1/2/2025,Nsambangombe,Nsanje,-15.774954,34.4642941,Logger,22.5792,26.438,345
2/2/2025,Nsambangombe,Nsanje,-15.774954,34.4642941,Logger,22.5585,26.436,346.6
2/2/2025,Nsambangombe,Nsanje,-15.774954,34.4642941,Logger,22.5853,26.44,347.2
3/2/2025,Nsambangombe,Nsanje,-15.774954,34.4642941,Logger,22.566,26.436,347.2
3/2/2025,Nsambangombe,Nsanje,-15.774954,34.4642941,Logger,22.6087,26.439,347.6
4/2/2025,Nsambangombe,Nsanje,-15.774954,34.4642941,Logger,22.5826,26.434,346
4/2/2025,Nsambangombe,Nsanje,-15.774954,34.4642941,Logger,22.6097,26.439,346.1
5/2/2025,Nsambangombe,Nsanje,-15.774954,34.4642941,Logger,22.5836,26.436,345.8
5/2/2025,Nsambangombe,Nsanje,-15.774954,34.4642941,Logger,22.6005,26.44,346.6
6/2/2025,Nsambangombe,Nsanje,-15.774954,34.4642941,Logger,22.5758,26.438,346
6/2/2025,Nsambangombe,Nsanje,-15.774954,34.4642941,Logger,22.6036,26.439,346.4
7/2/2025,Nsambangombe,Nsanje,-15.774954,34.4642941,Logger,22.5909,26.437,347
31/12/2024,Nsanje Water Office,Nsanje,-16.92180746,35.25727741,Logger,12.823,27.75,423.3
31/12/2024,Nsanje Water Office,Nsanje,-16.92180746,35.25727741,Logger,12.9006,27.838,419.7
1/1/2025,Nsanje Water Office,Nsanje,-16.92180746,35.25727741,Logger,12.9805,27.778,419
1/1/2025,Nsanje Water Office,Nsanje,-16.92180746,35.25727741,Logger,12.753,27.55,417.7
2/1/2025,Nsanje Water Office,Nsanje,-16.92180746,35.25727741,Logger,12.6679,27.639,422.4
2/1/2025,Nsanje Water Office,Nsanje,-16.92180746,35.25727741,Logger,12.796,27.618,417.4
3/1/2025,Nsanje Water Office,Nsanje,-16.92180746,35.25727741,Logger,12.9504,27.713,417.8
3/1/2025,Nsanje Water Office,Nsanje,-16.92180746,35.25727741,Logger,12.7789,27.547,415.8
4/1/2025,Nsanje Water Office,Nsanje,-16.92180746,35.25727741,Logger,12.6643,27.617,422.2
4/1/2025,Nsanje Water Office,Nsanje,-16.92180746,35.25727741,Logger,12.8298,27.652,418.8
5/1/2025,Nsanje Water Office,Nsanje,-16.92180746,35.25727741,Logger,12.9217,27.671,417.1
5/1/2025,Nsanje Water Office,Nsanje,-16.92180746,35.25727741,Logger,12.9916,27.682,416.9
6/1/2025,Nsanje Water Office,Nsanje,-16.92180746,35.25727741,Logger,12.8204,27.578,416.2
6/1/2025,Nsanje Water Office,Nsanje,-16.92180746,35.25727741,Logger,12.9266,27.667,422.9
7/1/2025,Nsanje Water Office,Nsanje,-16.92180746,35.25727741,Logger,13.0035,27.71,417.8
7/1/2025,Nsanje Water Office,Nsanje,-16.92180746,35.25727741,Logger,12.9478,27.667,421.7
8/1/2025,Nsanje Water Office,Nsanje,-16.92180746,35.25727741,Logger,12.9064,27.685,423.2
8/1/2025,Nsanje Water Office,Nsanje,-16.92180746,35.25727741,Logger,12.6917,27.608,422.1
9/1/2025,Nsanje Water Office,Nsanje,-16.92180746,35.25727741,Logger,12.6429,27.653,423.9
9/1/2025,Nsanje Water Office,Nsanje,-16.92180746,35.25727741,Logger,12.8256,27.832,425.4
10/1/2025,Nsanje Water Office,Nsanje,-16.92180746,35.25727741,Logger,12.8875,27.773,421.1
10/1/2025,Nsanje Water Office,Nsanje,-16.92180746,35.25727741,Logger,12.9382,27.687,421.7
11/1/2025,Nsanje Water Office,Nsanje,-16.92180746,35.25727741,Logger,12.8109,27.619,416.9
11/1/2025,Nsanje Water Office,Nsanje,-16.92180746,35.25727741,Logger,12.733,27.677,421.9
12/1/2025,Nsanje Water Office,Nsanje,-16.92180746,35.25727741,Logger,12.7229,27.771,423.5
12/1/2025,Nsanje Water Office,Nsanje,-16.92180746,35.25727741,Logger,12.6883,27.81,424.9
13/01/2025,Nsanje Water Office,Nsanje,-16.92180746,35.25727741,Logger,12.9244,28.072,441.3
13/01/2025,Nsanje Water Office,Nsanje,-16.92180746,35.25727741,Logger,12.9705,27.748,424.6
14/01/2025,Nsanje Water Office,Nsanje,-16.92180746,35.25727741,Logger,13.0162,27.671,417.5
14/01/2025,Nsanje Water Office,Nsanje,-16.92180746,35.25727741,Logger,13.0195,27.593,416.7
15/01/2025,Nsanje Water Office,Nsanje,-16.92180746,35.25727741,Logger,13.0245,27.585,416.9
15/01/2025,Nsanje Water Office,Nsanje,-16.92180746,35.25727741,Logger,13.0286,27.561,416.6
16/01/2025,Nsanje Water Office,Nsanje,-16.92180746,35.25727741,Logger,13.0446,27.545,416.5
16/01/2025,Nsanje Water Office,Nsanje,-16.92180746,35.25727741,Logger,13.0498,27.55,418
17/01/2025,Nsanje Water Office,Nsanje,-16.92180746,35.25727741,Logger,13.0556,27.537,416.5
17/01/2025,Nsanje Water Office,Nsanje,-16.92180746,35.25727741,Logger,13.0309,27.558,416.7
18/01/2025,Nsanje Water Office,Nsanje,-16.92180746,35.25727741,Logger,13.0376,27.547,416.7
18/01/2025,Nsanje Water Office,Nsanje,-16.92180746,35.25727741,Logger,12.8072,27.501,421.2
19/01/2025,Nsanje Water Office,Nsanje,-16.92180746,35.25727741,Logger,12.7167,27.575,424.6
19/01/2025,Nsanje Water Office,Nsanje,-16.92180746,35.25727741,Logger,12.9181,27.763,426.2
20/01/2025,Nsanje Water Office,Nsanje,-16.92180746,35.25727741,Logger,12.9303,27.709,420.7
20/01/2025,Nsanje Water Office,Nsanje,-16.92180746,35.25727741,Logger,12.6957,27.587,421.7
21/01/2025,Nsanje Water Office,Nsanje,-16.92180746,35.25727741,Logger,12.6637,27.623,423.4
21/01/2025,Nsanje Water Office,Nsanje,-16.92180746,35.25727741,Logger,12.8597,27.788,425.1
22/01/2025,Nsanje Water Office,Nsanje,-16.92180746,35.25727741,Logger,12.9272,27.721,422.1
22/01/2025,Nsanje Water Office,Nsanje,-16.92180746,35.25727741,Logger,12.9183,27.657,417.6
23/01/2025,Nsanje Water Office,Nsanje,-16.92180746,35.25727741,Logger,12.9546,27.611,417.3
23/01/2025,Nsanje Water Office,Nsanje,-16.92180746,35.25727741,Logger,12.9549,27.575,417
24/01/2025,Nsanje Water Office,Nsanje,-16.92180746,35.25727741,Logger,12.9623,27.564,416.8
24/01/2025,Nsanje Water Office,Nsanje,-16.92180746,35.25727741,Logger,12.9699,27.538,416.6
25/01/2025,Nsanje Water Office,Nsanje,-16.92180746,35.25727741,Logger,12.9568,27.544,416.8
25/01/2025,Nsanje Water Office,Nsanje,-16.92180746,35.25727741,Logger,12.9422,27.548,416.5
26/01/2025,Nsanje Water Office,Nsanje,-16.92180746,35.25727741,Logger,12.7553,27.488,416.3
26/01/2025,Nsanje Water Office,Nsanje,-16.92180746,35.25727741,Logger,12.6382,27.562,424.8
27/01/2025,Nsanje Water Office,Nsanje,-16.92180746,35.25727741,Logger,12.9133,27.627,418.7
27/01/2025,Nsanje Water Office,Nsanje,-16.92180746,35.25727741,Logger,12.7076,27.574,417.7
28/01/2025,Nsanje Water Office,Nsanje,-16.92180746,35.25727741,Logger,12.6776,27.674,423.1
28/01/2025,Nsanje Water Office,Nsanje,-16.92180746,35.25727741,Logger,12.6644,27.717,424.3
29/01/2025,Nsanje Water Office,Nsanje,-16.92180746,35.25727741,Logger,12.8178,27.806,426.8
29/01/2025,Nsanje Water Office,Nsanje,-16.92180746,35.25727741,Logger,12.9114,27.751,424.9
30/01/2025,Nsanje Water Office,Nsanje,-16.92180746,35.25727741,Logger,12.7016,27.58,417.5
30/01/2025,Nsanje Water Office,Nsanje,-16.92180746,35.25727741,Logger,12.6328,27.677,423.9
31/01/2025,Nsanje Water Office,Nsanje,-16.92180746,35.25727741,Logger,12.5857,27.688,424.7
31/01/2025,Nsanje Water Office,Nsanje,-16.92180746,35.25727741,Logger,12.5856,27.729,425.1
1/2/2025,Nsanje Water Office,Nsanje,-16.92180746,35.25727741,Logger,12.778,27.884,425
1/2/2025,Nsanje Water Office,Nsanje,-16.92180746,35.25727741,Logger,12.8363,27.706,419.5
2/2/2025,Nsanje Water Office,Nsanje,-16.92180746,35.25727741,Logger,12.8723,27.711,418.4
2/2/2025,Nsanje Water Office,Nsanje,-16.92180746,35.25727741,Logger,12.6972,27.542,416.7
3/2/2025,Nsanje Water Office,Nsanje,-16.92180746,35.25727741,Logger,12.6141,27.635,423.4
3/2/2025,Nsanje Water Office,Nsanje,-16.92180746,35.25727741,Logger,12.7578,27.62,421.1
4/2/2025,Nsanje Water Office,Nsanje,-16.92180746,35.25727741,Logger,12.7088,27.673,425.2
4/2/2025,Nsanje Water Office,Nsanje,-16.92180746,35.25727741,Logger,12.5772,27.579,418.6
5/2/2025,Nsanje Water Office,Nsanje,-16.92180746,35.25727741,Logger,12.8097,27.651,418.4
5/2/2025,Nsanje Water Office,Nsanje,-16.92180746,35.25727741,Logger,12.8269,27.669,419.6
31/12/2024,Ntaja Water Office,Machinga,-14.8676492,35.5283082,Logger,11.8168,26.747,208
31/12/2024,Ntaja Water Office,Machinga,-14.8676492,35.5283082,Logger,11.7885,26.748,205.9
1/1/2025,Ntaja Water Office,Machinga,-14.8676492,35.5283082,Logger,11.8604,26.745,207.3
1/1/2025,Ntaja Water Office,Machinga,-14.8676492,35.5283082,Logger,11.7136,26.746,205.5
2/1/2025,Ntaja Water Office,Machinga,-14.8676492,35.5283082,Logger,11.8711,26.745,206.6
2/1/2025,Ntaja Water Office,Machinga,-14.8676492,35.5283082,Logger,11.6975,26.746,207.1
3/1/2025,Ntaja Water Office,Machinga,-14.8676492,35.5283082,Logger,11.8358,26.745,207.9
3/1/2025,Ntaja Water Office,Machinga,-14.8676492,35.5283082,Logger,11.6702,26.744,204.7
4/1/2025,Ntaja Water Office,Machinga,-14.8676492,35.5283082,Logger,11.8371,26.746,205.1
4/1/2025,Ntaja Water Office,Machinga,-14.8676492,35.5283082,Logger,11.6638,26.743,206
5/1/2025,Ntaja Water Office,Machinga,-14.8676492,35.5283082,Logger,11.8975,26.744,207
5/1/2025,Ntaja Water Office,Machinga,-14.8676492,35.5283082,Logger,11.6998,26.744,206.6
6/1/2025,Ntaja Water Office,Machinga,-14.8676492,35.5283082,Logger,11.8899,26.744,207
6/1/2025,Ntaja Water Office,Machinga,-14.8676492,35.5283082,Logger,11.7346,26.743,206.2
7/1/2025,Ntaja Water Office,Machinga,-14.8676492,35.5283082,Logger,11.9079,26.745,206.6
7/1/2025,Ntaja Water Office,Machinga,-14.8676492,35.5283082,Logger,11.8041,26.744,205.1
8/1/2025,Ntaja Water Office,Machinga,-14.8676492,35.5283082,Logger,11.9068,26.743,208.1
8/1/2025,Ntaja Water Office,Machinga,-14.8676492,35.5283082,Logger,11.7328,26.741,208
9/1/2025,Ntaja Water Office,Machinga,-14.8676492,35.5283082,Logger,11.7386,26.744,183.2
9/1/2025,Ntaja Water Office,Machinga,-14.8676492,35.5283082,Logger,11.6662,26.743,174.6
10/1/2025,Ntaja Water Office,Machinga,-14.8676492,35.5283082,Logger,11.7616,26.743,178.6
10/1/2025,Ntaja Water Office,Machinga,-14.8676492,35.5283082,Logger,11.643,26.742,181.2
11/1/2025,Ntaja Water Office,Machinga,-14.8676492,35.5283082,Logger,11.8391,26.741,181.4
11/1/2025,Ntaja Water Office,Machinga,-14.8676492,35.5283082,Logger,11.6757,26.74,177.5
12/1/2025,Ntaja Water Office,Machinga,-14.8676492,35.5283082,Logger,11.8228,26.741,180.7
12/1/2025,Ntaja Water Office,Machinga,-14.8676492,35.5283082,Logger,11.6162,26.742,182.5
13/01/2025,Ntaja Water Office,Machinga,-14.8676492,35.5283082,Logger,11.7029,26.74,184.6
13/01/2025,Ntaja Water Office,Machinga,-14.8676492,35.5283082,Logger,11.6496,26.738,188.7
14/01/2025,Ntaja Water Office,Machinga,-14.8676492,35.5283082,Logger,11.8442,26.742,190.6
14/01/2025,Ntaja Water Office,Machinga,-14.8676492,35.5283082,Logger,11.6156,26.74,191.4
15/01/2025,Ntaja Water Office,Machinga,-14.8676492,35.5283082,Logger,11.8064,26.742,192.5
15/01/2025,Ntaja Water Office,Machinga,-14.8676492,35.5283082,Logger,11.6389,26.74,193.4
16/01/2025,Ntaja Water Office,Machinga,-14.8676492,35.5283082,Logger,11.8209,26.739,194.9
16/01/2025,Ntaja Water Office,Machinga,-14.8676492,35.5283082,Logger,11.6967,26.738,194.3
17/01/2025,Ntaja Water Office,Machinga,-14.8676492,35.5283082,Logger,11.8386,26.739,195.6
17/01/2025,Ntaja Water Office,Machinga,-14.8676492,35.5283082,Logger,11.6265,26.739,195.9
18/01/2025,Ntaja Water Office,Machinga,-14.8676492,35.5283082,Logger,11.7736,26.739,196.7
18/01/2025,Ntaja Water Office,Machinga,-14.8676492,35.5283082,Logger,11.6945,26.738,195.2
19/01/2025,Ntaja Water Office,Machinga,-14.8676492,35.5283082,Logger,11.8128,26.738,197.6
19/01/2025,Ntaja Water Office,Machinga,-14.8676492,35.5283082,Logger,11.596,26.739,196.9
20/01/2025,Ntaja Water Office,Machinga,-14.8676492,35.5283082,Logger,11.7714,26.737,198.2
20/01/2025,Ntaja Water Office,Machinga,-14.8676492,35.5283082,Logger,11.6334,26.739,197.6
21/01/2025,Ntaja Water Office,Machinga,-14.8676492,35.5283082,Logger,11.7511,26.74,199
21/01/2025,Ntaja Water Office,Machinga,-14.8676492,35.5283082,Logger,11.5795,26.737,193.2
22/01/2025,Ntaja Water Office,Machinga,-14.8676492,35.5283082,Logger,11.7121,26.735,189.2
22/01/2025,Ntaja Water Office,Machinga,-14.8676492,35.5283082,Logger,11.4647,26.742,185.1
23/01/2025,Ntaja Water Office,Machinga,-14.8676492,35.5283082,Logger,11.5047,26.739,121.1
23/01/2025,Ntaja Water Office,Machinga,-14.8676492,35.5283082,Logger,11.3929,26.738,120.9
24/01/2025,Ntaja Water Office,Machinga,-14.8676492,35.5283082,Logger,11.5558,26.737,117.2
24/01/2025,Ntaja Water Office,Machinga,-14.8676492,35.5283082,Logger,11.333,26.74,121.2
25/01/2025,Ntaja Water Office,Machinga,-14.8676492,35.5283082,Logger,11.4523,26.741,100.2
25/01/2025,Ntaja Water Office,Machinga,-14.8676492,35.5283082,Logger,11.3484,26.737,96.9
26/01/2025,Ntaja Water Office,Machinga,-14.8676492,35.5283082,Logger,11.4337,26.736,98.5
26/01/2025,Ntaja Water Office,Machinga,-14.8676492,35.5283082,Logger,11.3263,26.737,106.8
27/01/2025,Ntaja Water Office,Machinga,-14.8676492,35.5283082,Logger,11.5726,26.737,111.1
27/01/2025,Ntaja Water Office,Machinga,-14.8676492,35.5283082,Logger,11.2809,26.739,112.6
28/01/2025,Ntaja Water Office,Machinga,-14.8676492,35.5283082,Logger,11.3734,26.736,107.8
28/01/2025,Ntaja Water Office,Machinga,-14.8676492,35.5283082,Logger,11.2885,26.735,112
29/01/2025,Ntaja Water Office,Machinga,-14.8676492,35.5283082,Logger,11.3546,26.736,115.5
29/01/2025,Ntaja Water Office,Machinga,-14.8676492,35.5283082,Logger,11.1304,26.742,103.7
30/01/2025,Ntaja Water Office,Machinga,-14.8676492,35.5283082,Logger,11.1697,26.741,84.7
30/01/2025,Ntaja Water Office,Machinga,-14.8676492,35.5283082,Logger,11.1842,26.739,88
31/01/2025,Ntaja Water Office,Machinga,-14.8676492,35.5283082,Logger,11.1376,26.74,91
31/01/2025,Ntaja Water Office,Machinga,-14.8676492,35.5283082,Logger,10.9966,26.744,91.4
1/2/2025,Ntaja Water Office,Machinga,-14.8676492,35.5283082,Logger,11.0704,26.738,85.1
1/2/2025,Ntaja Water Office,Machinga,-14.8676492,35.5283082,Logger,10.9456,26.735,89.4
2/2/2025,Ntaja Water Office,Machinga,-14.8676492,35.5283082,Logger,11.1583,26.739,92.2
2/2/2025,Ntaja Water Office,Machinga,-14.8676492,35.5283082,Logger,10.9579,26.736,95.6
3/2/2025,Ntaja Water Office,Machinga,-14.8676492,35.5283082,Logger,10.9983,26.736,97.3
3/2/2025,Ntaja Water Office,Machinga,-14.8676492,35.5283082,Logger,10.8863,26.742,98
4/2/2025,Ntaja Water Office,Machinga,-14.8676492,35.5283082,Logger,10.8168,26.745,85.7
4/2/2025,Ntaja Water Office,Machinga,-14.8676492,35.5283082,Logger,10.7757,26.741,87.9
5/2/2025,Ntaja Water Office,Machinga,-14.8676492,35.5283082,Logger,10.87,26.737,88.9
5/2/2025,Ntaja Water Office,Machinga,-14.8676492,35.5283082,Logger,10.7383,26.736,96
6/2/2025,Ntaja Water Office,Machinga,-14.8676492,35.5283082,Logger,10.9035,26.735,98.1
